Mouse.ID,Sex,Generation,penName,DOB,Exp.Date,Age.at.Exp.Date,Test.Name,Grip.1,Grip.2,Grip.3
DO.0661,F,G8,CSDO-F-13,10/24/2011,10/27/2012,369,Grip 52wks,0.151,0.231,0.201
DO.0663,F,G8,CSDO-F-13,10/25/2011,4/24/2013,547,Grip 78wks,0.19,0.19,0.179
DO.0664,F,G8,CSDO-F-13,10/23/2011,4/24/2013,549,Grip 78wks,0.096,0.103,0.137
DO.0666,F,G8,CSDO-F-14,10/27/2011,10/27/2012,366,Grip 52wks,0.196,0.208,0.18
DO.0667,F,G8,CSDO-F-14,10/24/2011,5/1/2013,555,Grip 78wks,0.171,0.157,0.131
DO.0669,F,G8,CSDO-F-14,10/26/2011,5/1/2013,553,Grip 78wks,0.112,0.106,0.072
DO.0670,F,G8,CSDO-F-14,10/23/2011,10/27/2012,370,Grip 52wks,0.15,0.234,0.196
DO.0671,F,G8,CSDO-F-15,10/24/2011,5/1/2013,555,Grip 78wks,0.118,0.158,0.141
DO.0672,F,G8,CSDO-F-15,10/23/2011,10/27/2012,370,Grip 52wks,0.227,0.241,0.208
DO.0673,F,G8,CSDO-F-15,10/24/2011,5/1/2013,555,Grip 78wks,0.143,0.1,0.082
DO.0674,F,G8,CSDO-F-15,10/22/2011,10/27/2012,371,Grip 52wks,0.167,0.202,0.244
DO.0675,F,G8,CSDO-F-15,10/22/2011,10/27/2012,371,Grip 52wks,0.224,0.28,0.248
DO.0676,F,G8,CSDO-F-16,10/22/2011,11/3/2012,378,Grip 52wks,0.16,0.147,0.147
DO.0677,F,G8,CSDO-F-16,10/23/2011,11/3/2012,377,Grip 52wks,0.142,0.184,0.184
DO.0678,F,G8,CSDO-F-16,10/25/2011,10/27/2012,368,Grip 52wks,0.224,0.14,0.182
DO.0679,F,G8,CSDO-F-16,10/22/2011,11/3/2012,378,Grip 52wks,0.137,0.199,0.169
DO.0680,F,G8,CSDO-F-16,10/25/2011,11/3/2012,375,Grip 52wks,0.192,0.213,0.182
DO.0682,F,G8,CSDO-F-17,10/24/2011,10/27/2012,369,Grip 52wks,0.219,0.203,0.232
DO.0683,F,G8,CSDO-F-17,10/23/2011,4/24/2013,549,Grip 78wks,0.118,0.128,0.14
DO.0684,F,G8,CSDO-F-17,10/23/2011,4/24/2013,549,Grip 78wks,0.194,0.246,0.137
DO.0685,F,G8,CSDO-F-17,10/24/2011,4/24/2013,548,Grip 78wks,0.102,0.097,0.106
DO.0686,F,G8,CSDO-F-18,10/22/2011,10/27/2012,371,Grip 52wks,0.205,0.156,0.248
DO.0688,F,G8,CSDO-F-18,10/22/2011,11/3/2012,378,Grip 52wks,0.128,0.137,0.143
DO.0690,F,G8,CSDO-F-18,10/25/2011,11/3/2012,375,Grip 52wks,0.258,0.222,0.166
DO.0691,F,G8,CSDO-F-19,10/25/2011,10/27/2012,368,Grip 52wks,0.213,0.167,0.233
DO.0692,F,G8,CSDO-F-19,10/22/2011,5/8/2013,564,Grip 78wks,0.158,0.14,0.119
DO.0693,F,G8,CSDO-F-19,10/25/2011,5/8/2013,561,Grip 78wks,0.179,0.125,0.159
DO.0694,F,G8,CSDO-F-19,10/27/2011,5/8/2013,559,Grip 78wks,0.181,0.162,0.151
DO.0695,F,G8,CSDO-F-19,10/23/2011,5/8/2013,563,Grip 78wks,0.134,0.142,0.096
DO.0696,F,G8,CSDO-F-20,10/26/2011,11/3/2012,374,Grip 52wks,0.179,0.176,0.155
DO.0698,F,G8,CSDO-F-20,10/27/2011,11/3/2012,373,Grip 52wks,0.128,0.17,0.185
DO.0700,F,G8,CSDO-F-20,10/23/2011,11/3/2012,377,Grip 52wks,0.14,0.144,0.217
DO.0701,F,G8,CSDO-F-21,10/26/2011,5/8/2013,560,Grip 78wks,0.141,0.155,0.123
DO.0702,F,G8,CSDO-F-21,10/23/2011,5/8/2013,563,Grip 78wks,0.163,0.156,0.14
DO.0703,F,G8,CSDO-F-21,10/27/2011,5/8/2013,559,Grip 78wks,0.153,0.138,0.161
DO.0704,F,G8,CSDO-F-21,10/24/2011,10/27/2012,369,Grip 52wks,0.214,0.157,0.139
DO.0706,F,G8,CSDO-F-22,10/24/2011,5/1/2013,555,Grip 78wks,0.148,0.16,0.155
DO.0707,F,G8,CSDO-F-22,10/26/2011,5/1/2013,553,Grip 78wks,0.118,0.134,0.119
DO.0708,F,G8,CSDO-F-22,10/23/2011,10/27/2012,370,Grip 52wks,0.117,0.136,0.163
DO.0709,F,G8,CSDO-F-22,10/25/2011,5/1/2013,554,Grip 78wks,0.123,0.126,0.12
DO.0710,F,G8,CSDO-F-22,10/22/2011,5/1/2013,557,Grip 78wks,0.11,0.112,0.114
DO.0711,F,G8,CSDO-F-23,10/27/2011,10/27/2012,366,Grip 52wks,0.192,0.141,0.127
DO.0712,F,G8,CSDO-F-23,10/22/2011,4/24/2013,550,Grip 78wks,0.13,0.176,0.169
DO.0713,F,G8,CSDO-F-23,10/24/2011,4/24/2013,548,Grip 78wks,0.145,0.142,0.14
DO.0714,F,G8,CSDO-F-23,10/27/2011,4/24/2013,545,Grip 78wks,0.168,0.12,0.117
DO.0715,F,G8,CSDO-F-23,10/25/2011,4/24/2013,547,Grip 78wks,0.147,0.157,0.133
DO.0716,F,G8,CSDO-F-24,10/25/2011,10/27/2012,368,Grip 52wks,0.181,0.253,0.142
DO.0717,F,G8,CSDO-F-24,10/22/2011,11/3/2012,378,Grip 52wks,0.129,0.111,0.208
DO.0718,F,G8,CSDO-F-24,10/25/2011,11/3/2012,375,Grip 52wks,0.158,0.225,0.16
DO.0719,F,G8,CSDO-F-24,10/23/2011,11/3/2012,377,Grip 52wks,0.18,0.191,0.16
DO.0720,F,G8,CSDO-F-24,10/26/2011,11/3/2012,374,Grip 52wks,0.108,0.078,0.085
DO.0721,F,G9,CSDO-F-25,2/21/2012,2/21/2013,366,Grip 52wks,0.129,0.136,0.128
DO.0722,F,G9,CSDO-F-25,2/22/2012,2/21/2013,365,Grip 52wks,0.161,0.21,0.196
DO.0723,F,G9,CSDO-F-25,2/19/2012,2/21/2013,368,Grip 52wks,0.125,0.117,0.135
DO.0725,F,G9,CSDO-F-25,2/21/2012,2/21/2013,366,Grip 52wks,0.146,0.208,0.14
DO.0726,F,G9,CSDO-F-26,2/19/2012,3/6/2013,381,Grip 52wks,0.103,0.168,0.157
DO.0727,F,G9,CSDO-F-26,2/20/2012,3/6/2013,380,Grip 52wks,0.173,0.117,0.137
DO.0728,F,G9,CSDO-F-26,2/20/2012,3/6/2013,380,Grip 52wks,0.127,0.134,0.163
DO.0729,F,G9,CSDO-F-26,2/22/2012,3/6/2013,378,Grip 52wks,0.085,0.156,0.161
DO.0730,F,G9,CSDO-F-26,2/20/2012,3/6/2013,380,Grip 52wks,0.167,0.111,0.17
DO.0731,F,G9,CSDO-F-27,2/20/2012,2/21/2013,367,Grip 52wks,0.194,0.136,0.198
DO.0732,F,G9,CSDO-F-27,2/20/2012,2/21/2013,367,Grip 52wks,0.098,0.095,0.098
DO.0735,F,G9,CSDO-F-27,2/22/2012,2/21/2013,365,Grip 52wks,0.123,0.165,0.211
DO.0736,F,G9,CSDO-F-28,2/23/2012,3/6/2013,377,Grip 52wks,0.117,0.135,0.146
DO.0737,F,G9,CSDO-F-28,2/21/2012,3/6/2013,379,Grip 52wks,0.205,0.128,0.151
DO.0738,F,G9,CSDO-F-28,2/22/2012,3/6/2013,378,Grip 52wks,0.141,0.154,0.116
DO.0739,F,G9,CSDO-F-28,2/21/2012,3/6/2013,379,Grip 52wks,0.153,0.144,0.133
DO.0740,F,G9,CSDO-F-28,2/21/2012,3/6/2013,379,Grip 52wks,0.116,0.103,0.116
DO.0746,F,G9,CSDO-F-30,2/20/2012,2/27/2013,373,Grip 52wks,0.14,0.144,0.147
DO.0747,F,G9,CSDO-F-30,2/22/2012,2/27/2013,371,Grip 52wks,0.141,0.189,0.19
DO.0748,F,G9,CSDO-F-30,2/22/2012,2/27/2013,371,Grip 52wks,0.293,0.18,0.109
DO.0750,F,G9,CSDO-F-30,2/22/2012,2/27/2013,371,Grip 52wks,0.132,0.122,0.125
DO.0756,F,G9,CSDO-F-32,2/22/2012,2/27/2013,371,Grip 52wks,0.117,0.127,0.16
DO.0757,F,G9,CSDO-F-32,2/18/2012,2/27/2013,375,Grip 52wks,0.143,0.118,0.137
DO.0758,F,G9,CSDO-F-32,2/19/2012,2/27/2013,374,Grip 52wks,0.098,0.1,0.105
DO.0759,F,G9,CSDO-F-32,2/20/2012,2/27/2013,373,Grip 52wks,0.115,0.107,0.116
DO.0760,F,G9,CSDO-F-32,2/20/2012,2/27/2013,373,Grip 52wks,0.122,0.103,0.091
DO.0771,F,G9,CSDO-F-35,2/19/2012,2/27/2013,374,Grip 52wks,0.139,0.166,0.139
DO.0772,F,G9,CSDO-F-35,2/19/2012,2/27/2013,374,Grip 52wks,0.113,0.141,0.091
DO.0773,F,G9,CSDO-F-35,2/19/2012,2/27/2013,374,Grip 52wks,0.148,0.136,0.115
DO.0774,F,G9,CSDO-F-35,2/21/2012,2/27/2013,372,Grip 52wks,0.127,0.108,0.097
DO.0775,F,G9,CSDO-F-35,2/18/2012,2/27/2013,375,Grip 52wks,0.127,0.126,0.141
DO.0781,F,G10,CSDO-F-37,5/18/2012,11/14/2013,545,Grip 78wks,0.131,0.174,0.172
DO.0782,F,G10,CSDO-F-37,5/17/2012,11/14/2013,546,Grip 78wks,0.152,0.138,0.134
DO.0783,F,G10,CSDO-F-37,5/16/2012,11/14/2013,547,Grip 78wks,0.165,0.176,0.17
DO.0784,F,G10,CSDO-F-37,5/15/2012,11/14/2013,548,Grip 78wks,0.118,0.142,0.097
DO.0785,F,G10,CSDO-F-37,5/15/2012,11/14/2013,548,Grip 78wks,0.143,0.189,0.156
DO.0786,F,G10,CSDO-F-38,5/12/2012,12/3/2012,205,Grip 26wks,0.162,0.124,0.134
DO.0787,F,G10,CSDO-F-38,5/15/2012,12/3/2012,202,Grip 26wks,0.153,0.1,0.098
DO.0788,F,G10,CSDO-F-38,5/16/2012,12/3/2012,201,Grip 26wks,0.166,0.141,0.177
DO.0789,F,G10,CSDO-F-38,5/14/2012,12/3/2012,203,Grip 26wks,0.123,0.147,0.151
DO.0790,F,G10,CSDO-F-38,5/15/2012,12/3/2012,202,Grip 26wks,0.126,0.121,0.132
DO.0791,F,G10,CSDO-F-39,5/15/2012,11/26/2013,560,Grip 78wks,0.18,0.148,0.153
DO.0792,F,G10,CSDO-F-39,5/12/2012,11/26/2013,563,Grip 78wks,0.153,0.152,0.168
DO.0793,F,G10,CSDO-F-39,5/15/2012,11/26/2013,560,Grip 78wks,0.168,0.166,0.148
DO.0794,F,G10,CSDO-F-39,5/17/2012,11/26/2013,558,Grip 78wks,0.068,0.086,0.134
DO.0795,F,G10,CSDO-F-39,5/16/2012,11/26/2013,559,Grip 78wks,0.157,0.122,0.109
DO.0796,F,G10,CSDO-F-40,5/15/2012,6/18/2013,399,Grip 52wks,0.114,0.116,0.11
DO.0797,F,G10,CSDO-F-40,5/16/2012,6/18/2013,398,Grip 52wks,0.153,0.195,0.166
DO.0798,F,G10,CSDO-F-40,5/16/2012,6/18/2013,398,Grip 52wks,0.167,0.141,0.184
DO.0799,F,G10,CSDO-F-40,5/17/2012,6/18/2013,397,Grip 52wks,0.147,0.174,0.189
DO.0800,F,G10,CSDO-F-40,5/12/2012,6/18/2013,402,Grip 52wks,0.126,0.138,0.124
DO.0801,F,G10,CSDO-F-41,5/15/2012,12/10/2012,209,Grip 26wks,0.153,0.178,0.168
DO.0802,F,G10,CSDO-F-41,5/15/2012,12/10/2012,209,Grip 26wks,0.14,0.137,0.134
DO.0803,F,G10,CSDO-F-41,5/16/2012,12/10/2012,208,Grip 26wks,0.165,0.137,0.133
DO.0804,F,G10,CSDO-F-41,5/17/2012,12/10/2012,207,Grip 26wks,0.122,0.137,0.136
DO.0805,F,G10,CSDO-F-41,5/13/2012,12/10/2012,211,Grip 26wks,0.155,0.247,0.172
DO.0806,F,G10,CSDO-F-42,5/14/2012,12/3/2012,203,Grip 26wks,0.152,0.153,0.126
DO.0807,F,G10,CSDO-F-42,5/16/2012,12/3/2012,201,Grip 26wks,0.134,0.129,0.144
DO.0808,F,G10,CSDO-F-42,5/15/2012,12/3/2012,202,Grip 26wks,0.284,0.188,0.223
DO.0809,F,G10,CSDO-F-42,5/15/2012,12/3/2012,202,Grip 26wks,0.166,0.194,0.182
DO.0811,F,G10,CSDO-F-43,5/16/2012,11/14/2013,547,Grip 78wks,0.133,0.124,0.124
DO.0812,F,G10,CSDO-F-43,5/13/2012,11/14/2013,550,Grip 78wks,0.164,0.146,0.183
DO.0813,F,G10,CSDO-F-43,5/17/2012,11/14/2013,546,Grip 78wks,0.151,0.156,0.157
DO.0814,F,G10,CSDO-F-43,5/17/2012,11/14/2013,546,Grip 78wks,0.129,0.163,0.137
DO.0815,F,G10,CSDO-F-43,5/15/2012,11/14/2013,548,Grip 78wks,0.134,0.152,0.104
DO.0816,F,G10,CSDO-F-44,5/14/2012,11/26/2013,561,Grip 78wks,0.12,0.128,0.137
DO.0817,F,G10,CSDO-F-44,5/13/2012,11/26/2013,562,Grip 78wks,0.178,0.129,0.145
DO.0818,F,G10,CSDO-F-44,5/9/2012,11/26/2013,566,Grip 78wks,0.113,0.132,0.106
DO.0819,F,G10,CSDO-F-44,5/11/2012,11/26/2013,564,Grip 78wks,0.158,0.174,0.171
DO.0821,F,G10,CSDO-F-45,5/13/2012,6/18/2013,401,Grip 52wks,0.145,0.173,0.144
DO.0822,F,G10,CSDO-F-45,5/13/2012,6/18/2013,401,Grip 52wks,0.129,0.144,0.101
DO.0823,F,G10,CSDO-F-45,5/15/2012,6/18/2013,399,Grip 52wks,0.093,0.126,0.108
DO.0824,F,G10,CSDO-F-45,5/12/2012,6/18/2013,402,Grip 52wks,0.12,0.155,0.14
DO.0825,F,G10,CSDO-F-45,5/15/2012,6/18/2013,399,Grip 52wks,0.156,0.164,0.141
DO.0826,F,G10,CSDO-F-46,5/12/2012,6/11/2013,395,Grip 52wks,0.146,0.142,0.187
DO.0827,F,G10,CSDO-F-46,5/16/2012,6/11/2013,391,Grip 52wks,0.138,0.147,0.146
DO.0828,F,G10,CSDO-F-46,5/17/2012,6/11/2013,390,Grip 52wks,0.156,0.156,0.175
DO.0829,F,G10,CSDO-F-46,5/13/2012,6/11/2013,394,Grip 52wks,0.135,0.143,0.172
DO.0830,F,G10,CSDO-F-46,5/15/2012,6/11/2013,392,Grip 52wks,0.135,0.121,0.135
DO.0831,F,G10,CSDO-F-47,5/14/2012,12/10/2012,210,Grip 26wks,0.134,0.109,0.123
DO.0832,F,G10,CSDO-F-47,5/16/2012,12/10/2012,208,Grip 26wks,0.174,0.141,0.146
DO.0833,F,G10,CSDO-F-47,5/13/2012,12/10/2012,211,Grip 26wks,0.164,0.145,0.135
DO.0834,F,G10,CSDO-F-47,5/11/2012,12/10/2012,213,Grip 26wks,0.145,0.146,0.134
DO.0836,F,G10,CSDO-F-48,5/14/2012,6/11/2013,393,Grip 52wks,0.151,0.148,0.131
DO.0837,F,G10,CSDO-F-48,5/13/2012,6/11/2013,394,Grip 52wks,0.123,0.133,0.114
DO.0838,F,G10,CSDO-F-48,5/17/2012,6/11/2013,390,Grip 52wks,0.16,0.122,0.187
DO.0839,F,G10,CSDO-F-48,5/14/2012,6/11/2013,393,Grip 52wks,0.16,0.121,0.117
DO.0901,M,G8,CSDO-M-13,10/27/2011,10/27/2012,366,Grip 52wks,0.182,0.187,0.201
DO.0902,M,G8,CSDO-M-13,10/23/2011,5/1/2013,556,Grip 78wks,0.12,0.141,0.11
DO.0903,M,G8,CSDO-M-13,10/23/2011,5/1/2013,556,Grip 78wks,0.179,0.147,0.111
DO.0905,M,G8,CSDO-M-13A,10/23/2011,5/1/2013,556,Grip 78wks,0.162,0.151,0.151
DO.0906,M,G8,CSDO-M-14,10/24/2011,10/27/2012,369,Grip 52wks,0.18,0.178,0.153
DO.0907,M,G8,CSDO-M-14,10/26/2011,11/3/2012,374,Grip 52wks,0.151,0.127,0.141
DO.0908,M,G8,CSDO-M-14,10/23/2011,11/3/2012,377,Grip 52wks,0.16,0.203,0.157
DO.0909,M,G8,CSDO-M-14,10/25/2011,11/3/2012,375,Grip 52wks,0.168,0.146,0.228
DO.0911,M,G8,CSDO-M-15,10/24/2011,10/27/2012,369,Grip 52wks,0.191,0.152,0.239
DO.0914,M,G8,CSDO-M-15A,10/22/2011,10/27/2012,371,Grip 52wks,0.187,0.14,0.136
DO.0914,M,G8,CSDO-M-15A,10/22/2011,5/1/2013,557,Grip 78wks,0.121,0.13,0.162
DO.0915,M,G8,CSDO-M-15,10/22/2011,5/1/2013,557,Grip 78wks,0.129,0.145,0.113
DO.0916,M,G8,CSDO-M-16,10/23/2011,10/27/2012,370,Grip 52wks,0.151,0.183,0.147
DO.0917,M,G8,CSDO-M-16,10/26/2011,11/3/2012,374,Grip 52wks,0.152,0.189,0.175
DO.0919,M,G8,CSDO-M-16,10/25/2011,10/27/2012,368,Grip 52wks,0.131,0.138,0.126
DO.0920,M,G8,CSDO-M-16,10/22/2011,11/3/2012,378,Grip 52wks,0.108,0.126,0.186
DO.0921,M,G8,CSDO-M-17A,10/24/2011,5/8/2013,562,Grip 78wks,0.189,0.214,0.16
DO.0922,M,G8,CSDO-M-17B,10/27/2011,5/8/2013,559,Grip 78wks,0.154,0.129,0.15
DO.0923,M,G8,CSDO-M-17,10/27/2011,11/3/2012,373,Grip 52wks,0.143,0.073,0.174
DO.0924,M,G8,CSDO-M-17,10/25/2011,11/3/2012,375,Grip 52wks,0.2,0.151,0.199
DO.0925,M,G8,CSDO-M-17B,10/23/2011,11/3/2012,377,Grip 52wks,0.132,0.189,0.124
DO.0926,M,G8,CSDO-M-18,10/24/2011,5/8/2013,562,Grip 78wks,0.18,0.166,0.17
DO.0927,M,G8,CSDO-M-18,10/23/2011,5/8/2013,563,Grip 78wks,0.193,0.202,0.145
DO.0929,M,G8,CSDO-M-18,10/26/2011,5/8/2013,560,Grip 78wks,0.154,0.178,0.222
DO.0930,M,G8,CSDO-M-18,10/23/2011,5/8/2013,563,Grip 78wks,0.104,0.121,0.106
DO.0931,M,G8,CSDO-M-19B,10/26/2011,5/8/2013,560,Grip 78wks,0.209,0.152,0.219
DO.0932,M,G8,CSDO-M-19,10/22/2011,4/24/2013,550,Grip 78wks,0.174,0.191,0.122
DO.0933,M,G8,CSDO-M-19A,10/25/2011,5/1/2013,554,Grip 78wks,0.171,0.165,0.162
DO.0934,M,G8,CSDO-M-19,10/27/2011,4/24/2013,545,Grip 78wks,0.119,0.098,0.087
DO.0935,M,G8,CSDO-M-19,10/22/2011,4/24/2013,550,Grip 78wks,0.107,0.111,0.14
DO.0936,M,G8,CSDO-M-20,10/24/2011,5/1/2013,555,Grip 78wks,0.087,0.086,0.118
DO.0937,M,G8,CSDO-M-20,10/27/2011,5/1/2013,552,Grip 78wks,0.173,0.144,0.125
DO.0938,M,G8,CSDO-M-20,10/25/2011,5/1/2013,554,Grip 78wks,0.123,0.16,0.141
DO.0939,M,G8,CSDO-M-20,10/25/2011,5/1/2013,554,Grip 78wks,0.209,0.183,0.195
DO.0940,M,G8,CSDO-M-20,10/27/2011,10/27/2012,366,Grip 52wks,0.126,0.231,0.139
DO.0940,M,G8,CSDO-M-20,10/27/2011,5/1/2013,552,Grip 78wks,0.128,0.112,0.074
DO.0941,M,G8,CSDO-M-21,10/27/2011,4/24/2013,545,Grip 78wks,0.157,0.146,0.161
DO.0942,M,G8,CSDO-M-21,10/22/2011,10/27/2012,371,Grip 52wks,0.141,0.131,0.131
DO.0943,M,G8,CSDO-M-21,10/24/2011,4/24/2013,548,Grip 78wks,0.172,0.137,0.157
DO.0944,M,G8,CSDO-M-21,10/27/2011,4/24/2013,545,Grip 78wks,0.119,0.105,0.087
DO.0945,M,G8,CSDO-M-21,10/25/2011,10/27/2012,368,Grip 52wks,0.16,0.239,0.198
DO.0947,M,G8,CSDO-M-22,10/27/2011,5/8/2013,559,Grip 78wks,0.173,0.156,0.162
DO.0949,M,G8,CSDO-M-22,10/25/2011,10/27/2012,368,Grip 52wks,0.116,0.146,0.164
DO.0950,M,G8,CSDO-M-22A,10/27/2011,5/8/2013,559,Grip 78wks,0.182,0.148,0.178
DO.0951,M,G8,CSDO-M-23,10/23/2011,10/27/2012,370,Grip 52wks,0.174,0.21,0.17
DO.0952,M,G8,CSDO-M-23,10/27/2011,4/24/2013,545,Grip 78wks,0.097,0.114,0.101
DO.0953,M,G8,CSDO-M-23,10/24/2011,4/24/2013,548,Grip 78wks,0.2,0.198,0.143
DO.0954,M,G8,CSDO-M-23,10/24/2011,10/27/2012,369,Grip 52wks,0.167,0.143,0.148
DO.0955,M,G8,CSDO-M-23,10/26/2011,4/24/2013,546,Grip 78wks,0.09,0.122,0.127
DO.0956,M,G8,CSDO-M-24,10/23/2011,11/3/2012,377,Grip 52wks,0.15,0.203,0.123
DO.0957,M,G8,CSDO-M-24,10/25/2011,11/3/2012,375,Grip 52wks,0.205,0.18,0.194
DO.0958,M,G8,CSDO-M-24A,10/22/2011,10/27/2012,371,Grip 52wks,0.157,0.159,0.166
DO.0959,M,G8,CSDO-M-24,10/27/2011,11/3/2012,373,Grip 52wks,0.148,0.18,0.16
DO.0960,M,G8,CSDO-M-24,10/23/2011,11/3/2012,377,Grip 52wks,0.15,0.156,0.164
DO.0971,M,G9,CSDO-M-27,2/20/2012,2/27/2013,373,Grip 52wks,0.185,0.12,0.147
DO.0973,M,G9,CSDO-M-27,2/22/2012,2/27/2013,371,Grip 52wks,0.1,0.138,0.131
DO.0974,M,G9,CSDO-M-27,2/19/2012,2/27/2013,374,Grip 52wks,0.133,0.204,0.169
DO.0975,M,G9,CSDO-M-27,2/23/2012,2/27/2013,370,Grip 52wks,0.098,0.151,0.169
DO.0981,M,G9,CSDO-M-29,2/20/2012,2/21/2013,367,Grip 52wks,0.134,0.182,0.2
DO.0982,M,G9,CSDO-M-29A,2/20/2012,2/21/2013,367,Grip 52wks,0.117,0.154,0.155
DO.0983,M,G9,CSDO-M-29A,2/20/2012,2/21/2013,367,Grip 52wks,0.153,0.159,0.166
DO.0984,M,G9,CSDO-M-29,2/22/2012,2/21/2013,365,Grip 52wks,0.132,0.128,0.126
DO.0985,M,G9,CSDO-M-29,2/22/2012,2/21/2013,365,Grip 52wks,0.177,0.18,0.163
DO.0986,M,G9,CSDO-M-30,2/23/2012,3/6/2013,377,Grip 52wks,0.183,0.174,0.174
DO.0987,M,G9,CSDO-M-30,2/21/2012,3/6/2013,379,Grip 52wks,0.209,0.184,0.173
DO.0988,M,G9,CSDO-M-30,2/22/2012,3/6/2013,378,Grip 52wks,0.158,0.123,0.155
DO.0989,M,G9,CSDO-M-30A,2/21/2012,3/6/2013,379,Grip 52wks,0.144,0.148,0.169
DO.0990,M,G9,CSDO-M-30B,2/21/2012,3/6/2013,379,Grip 52wks,0.095,0.123,0.099
DO.0991,M,G9,CSDO-M-31,2/20/2012,2/21/2013,367,Grip 52wks,0.171,0.222,0.22
DO.0992,M,G9,CSDO-M-31,2/22/2012,2/21/2013,365,Grip 52wks,0.108,0.125,0.134
DO.0993,M,G9,CSDO-M-31,2/23/2012,2/21/2013,364,Grip 52wks,0.146,0.185,0.137
DO.0995,M,G9,CSDO-M-31,2/22/2012,2/21/2013,365,Grip 52wks,0.21,0.193,0.19
DO.0996,M,G9,CSDO-M-32,2/21/2012,3/6/2013,379,Grip 52wks,0.134,0.126,0.111
DO.0997,M,G9,CSDO-M-32A,2/20/2012,3/6/2013,380,Grip 52wks,0.142,0.174,0.17
DO.0998,M,G9,CSDO-M-32,2/20/2012,3/6/2013,380,Grip 52wks,0.186,0.161,0.131
DO.0999,M,G9,CSDO-M-32B,2/20/2012,3/6/2013,380,Grip 52wks,0.158,0.132,0.149
DO.1000,M,G9,CSDO-M-32,2/21/2012,3/6/2013,379,Grip 52wks,0.126,0.147,0.128
DO.1001,M,G9,CSDO-33C,2/18/2012,2/21/2013,369,Grip 52wks,0.153,0.121,0.121
DO.1012,M,G9,CSDO-M-35,2/20/2012,2/27/2013,373,Grip 52wks,0.159,0.204,0.221
DO.1013,M,G9,CSDO-M-35,2/20/2012,2/27/2013,373,Grip 52wks,0.105,0.148,0.13
DO.1014,M,G9,CSDO-M-35,2/20/2012,2/27/2013,373,Grip 52wks,0.171,0.176,0.165
DO.1021,M,G10,CSDO-M-37,5/15/2012,6/11/2013,392,Grip 52wks,0.175,0.182,0.172
DO.1022,M,G10,CSDO-M-37A,5/15/2012,6/11/2013,392,Grip 52wks,0.133,0.162,0.17
DO.1023,M,G10,CSDO-M-37B,5/17/2012,6/11/2013,390,Grip 52wks,0.181,0.164,0.152
DO.1024,M,G10,CSDO-M-37,5/17/2012,6/11/2013,390,Grip 52wks,0.156,0.15,0.123
DO.1025,M,G10,CSDO-M-37,5/13/2012,6/11/2013,394,Grip 52wks,0.17,0.176,0.138
DO.1026,M,G10,CSDO-M-38A,5/14/2012,6/11/2013,393,Grip 52wks,0.12,0.172,0.129
DO.1027,M,G10,CSDO-M-38,5/16/2012,6/11/2013,391,Grip 52wks,0.176,0.149,0.12
DO.1028,M,G10,CSDO-M-38A,5/15/2012,6/11/2013,392,Grip 52wks,0.144,0.156,0.163
DO.1029,M,G10,CSDO-M-38B,5/15/2012,6/11/2013,392,Grip 52wks,0.156,0.12,0.137
DO.1031,M,G10,CSDO-M-39,5/16/2012,11/14/2013,547,Grip 78wks,0.162,0.139,0.152
DO.1032,M,G10,CSDO-M-39,5/13/2012,11/14/2013,550,Grip 78wks,0.138,0.143,0.137
DO.1033,M,G10,CSDO-M-39,5/15/2012,11/14/2013,548,Grip 78wks,0.17,0.16,0.147
DO.1035,M,G10,CSDO-M-39,5/15/2012,11/14/2013,548,Grip 78wks,0.144,0.146,0.133
DO.1037,M,G10,CSDO-M-40,5/13/2012,12/10/2012,211,Grip 26wks,0.146,0.145,0.109
DO.1038,M,G10,CSDO-M-40,5/9/2012,12/10/2012,215,Grip 26wks,0.141,0.12,0.144
DO.1039,M,G10,CSDO-M-40,5/11/2012,12/10/2012,213,Grip 26wks,0.159,0.167,0.153
DO.1040,M,G10,CSDO-M-40,5/12/2012,12/10/2012,212,Grip 26wks,0.142,0.145,0.192
DO.1041,M,G10,CSDO-M-41,5/16/2012,12/10/2012,208,Grip 26wks,0.124,0.122,0.154
DO.1042,M,G10,CSDO-M-41,5/15/2012,12/10/2012,209,Grip 26wks,0.22,0.126,0.176
DO.1043,M,G10,CSDO-M-41,5/12/2012,12/10/2012,212,Grip 26wks,0.129,0.133,0.104
DO.1044,M,G10,CSDO-M-41,5/15/2012,12/10/2012,209,Grip 26wks,0.118,0.12,0.14
DO.1045,M,G10,CSDO-M-41,5/17/2012,12/10/2012,207,Grip 26wks,0.188,0.144,0.185
DO.1046,M,G10,CSDO-M-42,5/15/2012,11/26/2013,560,Grip 78wks,0.174,0.172,0.142
DO.1047,M,G10,CSDO-M-42A,5/14/2012,11/26/2013,561,Grip 78wks,0.194,0.203,0.156
DO.1048,M,G10,CSDO-M-42,5/14/2012,11/26/2013,561,Grip 78wks,0.137,0.133,0.159
DO.1049,M,G10,CSDO-M-42B,5/16/2012,11/26/2013,559,Grip 78wks,0.091,0.094,0.104
DO.1051,M,G10,CSDO-M-43,5/15/2012,6/18/2013,399,Grip 52wks,0.132,0.206,0.136
DO.1053,M,G10,CSDO-M-43B,5/13/2012,6/18/2013,401,Grip 52wks,0.15,0.146,0.141
DO.1054,M,G10,CSDO-M-43,5/15/2012,6/18/2013,399,Grip 52wks,0.132,0.125,0.106
DO.1055,M,G10,CSDO-M-43A,5/13/2012,6/18/2013,401,Grip 52wks,0.144,0.155,0.145
DO.1056,M,G10,CSDO-M-44A,5/12/2012,11/26/2013,563,Grip 78wks,0.124,0.108,0.129
DO.1057,M,G10,CSDO-M-44,5/12/2012,11/26/2013,563,Grip 78wks,0.14,0.135,0.113
DO.1058,M,G10,CSDO-M-44,5/16/2012,11/26/2013,559,Grip 78wks,0.112,0.134,0.105
DO.1059,M,G10,CSDO-M-44,5/14/2012,11/26/2013,561,Grip 78wks,0.122,0.114,0.129
DO.1060,M,G10,CSDO-M-44,5/15/2012,11/26/2013,560,Grip 78wks,0.126,0.131,0.156
DO.1061,M,G10,CSDO-M-45,5/15/2012,12/3/2012,202,Grip 26wks,0.187,0.127,0.164
DO.1062,M,G10,CSDO-M-45,5/12/2012,12/3/2012,205,Grip 26wks,0.147,0.119,0.155
DO.1063,M,G10,CSDO-M-45,5/15/2012,12/3/2012,202,Grip 26wks,0.106,0.146,0.134
DO.1064,M,G10,CSDO-M-45,5/17/2012,12/3/2012,200,Grip 26wks,0.124,0.124,0.107
DO.1065,M,G10,CSDO-M-45,5/16/2012,12/3/2012,201,Grip 26wks,0.121,0.16,0.129
DO.1066,M,G10,CSDO-M-46,5/15/2012,6/18/2013,399,Grip 52wks,0.162,0.17,0.091
DO.1067,M,G10,CSDO-M-46,5/16/2012,6/18/2013,398,Grip 52wks,0.146,0.117,0.149
DO.1068,M,G10,CSDO-M-46,5/16/2012,6/18/2013,398,Grip 52wks,0.137,0.157,0.18
DO.1069,M,G10,CSDO-M-46A,5/17/2012,6/18/2013,397,Grip 52wks,0.142,0.135,0.16
DO.1070,M,G10,CSDO-M-46,5/12/2012,6/18/2013,402,Grip 52wks,0.142,0.156,0.119
DO.1071,M,G10,CSDO-M-47,5/18/2012,11/14/2013,545,Grip 78wks,0.197,0.195,0.165
DO.1074,M,G10,CSDO-M-47,5/15/2012,11/14/2013,548,Grip 78wks,0.147,0.151,0.157
DO.1075,M,G10,CSDO-M-47,5/15/2012,11/14/2013,548,Grip 78wks,0.184,0.175,0.151
DO.1076,M,G10,CSDO-M-48,5/12/2012,12/3/2012,205,Grip 26wks,0.138,0.173,0.156
DO.1077,M,G10,CSDO-M-48,5/15/2012,12/3/2012,202,Grip 26wks,0.103,0.113,0.115
DO.1078,M,G10,CSDO-M-48A,5/16/2012,12/3/2012,201,Grip 26wks,0.168,0.139,0.132
DO.1079,M,G10,CSDO-M-48,5/14/2012,12/3/2012,203,Grip 26wks,0.156,0.144,0.147
DO.1080,M,G10,CSDO-M-48A,5/15/2012,12/3/2012,202,Grip 26wks,0.112,0.128,0.118
DO.1082,F,G11,CSDO-F-49,8/23/2012,3/18/2014,572,Grip 78wks,0.115,0.157,0.131
DO.1083,F,G11,CSDO-F-49,8/22/2012,3/18/2014,573,Grip 78wks,0.127,0.138,0.102
DO.1084,F,G11,CSDO-F-49,8/21/2012,3/18/2014,574,Grip 78wks,0.097,0.123,0.084
DO.1085,F,G11,CSDO-F-49,8/23/2012,3/18/2014,572,Grip 78wks,0.11,0.111,0.126
DO.1091,F,G11,CSDO-F-51,8/20/2012,8/20/2012,0,Grip 78wks,0.131,0.151,0.168
DO.1092,F,G11,CSDO-F-51,8/22/2012,8/22/2012,0,Grip 78wks,0.097,0.115,0.12
DO.1093,F,G11,CSDO-F-51,8/23/2012,8/23/2012,0,Grip 78wks,0.077,0.074,0.057
DO.1094,F,G11,CSDO-F-51,8/20/2012,8/20/2012,0,Grip 78wks,0.108,0.098,0.102
DO.1095,F,G11,CSDO-F-51,8/20/2012,8/20/2012,0,Grip 78wks,0.128,0.149,0.128
DO.1096,F,G11,CSDO-F-52,8/18/2012,3/13/2013,207,Grip 26wks,0.112,0.126,0.1
DO.1097,F,G11,CSDO-F-52,8/21/2012,3/13/2013,204,Grip 26wks,0.166,0.126,0.132
DO.1098,F,G11,CSDO-F-52,8/21/2012,3/13/2013,204,Grip 26wks,0.159,0.185,0.134
DO.1099,F,G11,CSDO-F-52,8/23/2012,3/13/2013,202,Grip 26wks,0.129,0.116,0.126
DO.1100,F,G11,CSDO-F-52,8/21/2012,3/13/2013,204,Grip 26wks,0.13,0.166,0.144
DO.1106,F,G11,CSDO-F-54,8/19/2012,8/19/2012,0,Grip 78wks,0.107,0.126,0.134
DO.1107,F,G11,CSDO-F-54,8/20/2012,8/20/2012,0,Grip 78wks,0.112,0.105,0.118
DO.1108,F,G11,CSDO-F-54,8/21/2012,8/21/2012,0,Grip 78wks,0.165,0.154,0.136
DO.1109,F,G11,CSDO-F-54,8/23/2012,8/23/2012,0,Grip 78wks,0.174,0.169,0.171
DO.1116,F,G11,CSDO-F-56,8/19/2012,3/20/2013,213,Grip 26wks,0.167,0.161,0.172
DO.1117,F,G11,CSDO-F-56,8/17/2012,3/20/2013,215,Grip 26wks,0.164,0.144,0.183
DO.1118,F,G11,CSDO-F-56,8/22/2012,3/20/2013,210,Grip 26wks,0.194,0.126,0.138
DO.1119,F,G11,CSDO-F-56,8/20/2012,3/20/2013,212,Grip 26wks,0.132,0.117,0.118
DO.1120,F,G11,CSDO-F-56,8/20/2012,3/20/2013,212,Grip 26wks,0.166,0.178,0.182
DO.1121,F,G11,CSDO-F-57,8/19/2012,3/20/2013,213,Grip 26wks,0.1,0.143,0.191
DO.1123,F,G11,CSDO-F-57,8/21/2012,3/20/2013,211,Grip 26wks,0.137,0.133,0.131
DO.1124,F,G11,CSDO-F-57,8/23/2012,3/20/2013,209,Grip 26wks,0.151,0.157,0.106
DO.1125,F,G11,CSDO-F-57,8/23/2012,3/20/2013,209,Grip 26wks,0.097,0.173,0.076
DO.1131,F,G11,CSDO-F-59,8/24/2012,3/18/2014,571,Grip 78wks,0.143,0.139,0.123
DO.1132,F,G11,CSDO-F-59,8/21/2012,3/18/2014,574,Grip 78wks,0.168,0.18,0.149
DO.1133,F,G11,CSDO-F-59,8/21/2012,3/18/2014,574,Grip 78wks,0.147,0.132,0.129
DO.1135,F,G11,CSDO-F-59,8/21/2012,3/18/2014,574,Grip 78wks,0.083,0.082,0.112
DO.1136,F,G11,CSDO-F-60,8/21/2012,3/13/2013,204,Grip 26wks,0.134,0.161,0.131
DO.1137,F,G11,CSDO-F-60,8/22/2012,3/13/2013,203,Grip 26wks,0.129,0.117,0.11
DO.1138,F,G11,CSDO-F-60,8/21/2012,3/13/2013,204,Grip 26wks,0.114,0.12,0.137
DO.1139,F,G11,CSDO-F-60,8/20/2012,3/13/2013,205,Grip 26wks,0.15,0.128,0.132
DO.1140,F,G11,CSDO-F-60,8/17/2012,3/13/2013,208,Grip 26wks,0.144,0.141,0.093
DO.1146,M,G11,CSDO-M-50,8/21/2012,3/18/2014,574,Grip 78wks,0.068,0.096,0.118
DO.1147,M,G11,CSDO-M-50,8/22/2012,3/18/2014,573,Grip 78wks,0.114,0.141,0.131
DO.1148,M,G11,CSDO-M-50,8/19/2012,3/18/2014,576,Grip 78wks,0.102,0.114,0.094
DO.1149,M,G11,CSDO-M-50B,8/24/2012,3/18/2014,571,Grip 78wks,0.123,0.094,0.128
DO.1151,M,G11,CSDO-M-50,8/22/2012,3/20/2013,210,Grip 26wks,0.183,0.18,0.174
DO.1152,M,G11,CSDO-M-51,8/19/2012,3/20/2013,213,Grip 26wks,0.175,0.137,0.166
DO.1153,M,G11,CSDO-M-51,8/22/2012,3/20/2013,210,Grip 26wks,0.159,0.155,0.126
DO.1154,M,G11,CSDO-M-51,8/24/2012,3/20/2013,208,Grip 26wks,0.182,0.185,0.172
DO.1155,M,G11,CSDO-M-51,8/17/2012,3/20/2013,215,Grip 26wks,0.185,0.157,0.156
DO.1156,M,G11,CSDO-M-52A,8/23/2012,8/23/2012,0,Grip 78wks,0.163,0.141,0.132
DO.1157,M,G11,CSDO-M-52,8/17/2012,8/17/2012,0,Grip 78wks,0.181,0.147,0.186
DO.1158,M,G11,CSDO-M-52,8/19/2012,8/19/2012,0,Grip 78wks,0.166,0.164,0.111
DO.1159,M,G11,CSDO-M-52,8/21/2012,8/21/2012,0,Grip 78wks,0.154,0.127,0.136
DO.1160,M,G11,CSDO-M-52A,8/18/2012,8/18/2012,0,Grip 78wks,0.157,0.12,0.12
DO.1166,M,G11,CSDO-M-54A,8/20/2012,8/20/2012,0,Grip 78wks,0.139,0.113,0.102
DO.1168,M,G11,CSDO-M-54,8/18/2012,8/18/2012,0,Grip 78wks,0.155,0.181,0.101
DO.1169,M,G11,CSDO-M-54,8/18/2012,8/18/2012,0,Grip 78wks,0.182,0.154,0.14
DO.1171,M,G11,CSDO-M-55B,8/22/2012,3/20/2013,210,Grip 26wks,0.142,0.127,0.1
DO.1172,M,G11,CSDO-M-55A,8/20/2012,3/20/2013,212,Grip 26wks,0.122,0.143,0.172
DO.1173,M,G11,CSDO-M-55C,8/21/2012,3/20/2013,211,Grip 26wks,0.167,0.149,0.184
DO.1174,M,G11,CSDO-M-55,8/22/2012,3/20/2013,210,Grip 26wks,0.131,0.18,0.14
DO.1175,M,G11,CSDO-M-55,8/23/2012,3/20/2013,209,Grip 26wks,0.151,0.175,0.147
DO.1177,M,G11,CSDO-M-56A,8/23/2012,3/18/2014,572,Grip 78wks,0.113,0.106,0.097
DO.1179,M,G11,CSDO-M-56B,8/20/2012,3/18/2014,575,Grip 78wks,0.151,0.175,0.147
DO.1180,M,G11,CSDO-M-56C,8/22/2012,3/18/2014,573,Grip 78wks,0.139,0.132,0.159
DO.1191,M,G11,CSDO-M-59,8/21/2012,3/13/2013,204,Grip 26wks,0.156,0.19,0.148
DO.1192,M,G11,CSDO-M-59,8/22/2012,3/13/2013,203,Grip 26wks,0.132,0.147,0.108
DO.1193,M,G11,CSDO-M-59,8/22/2012,3/13/2013,203,Grip 26wks,0.154,0.161,0.173
DO.1194,M,G11,CSDO-M-59,8/19/2012,3/13/2013,206,Grip 26wks,0.107,0.119,0.185
DO.1195,M,G11,CSDO-M-59,8/22/2012,3/13/2013,203,Grip 26wks,0.21,0.157,0.172
DO.1196,M,G11,CSDO-M-60,8/20/2012,3/13/2013,205,Grip 26wks,0.116,0.126,0.136
DO.1197,M,G11,CSDO-M-60,8/19/2012,3/13/2013,206,Grip 26wks,0.103,0.178,0.186
DO.1199,M,G11,CSDO-M-60,8/22/2012,3/13/2013,203,Grip 26wks,0.128,0.141,0.157
DO.1200,M,G11,CSDO-M-60,8/17/2012,3/13/2013,208,Grip 26wks,0.204,0.199,0.171
DO.1201,F,G12,CSDO-F-61,11/9/2012,5/21/2013,193,Grip 26wks,0.151,0.184,0.116
DO.1202,F,G12,CSDO-F-61,11/9/2012,5/21/2013,193,Grip 26wks,0.137,0.192,0.2
DO.1203,F,G12,CSDO-F-61,11/9/2012,5/21/2013,193,Grip 26wks,0.113,0.117,0.119
DO.1204,F,G12,CSDO-F-61,11/9/2012,5/21/2013,193,Grip 26wks,0.16,0.241,0.136
DO.1205,F,G12,CSDO-F-61,11/9/2012,5/21/2013,193,Grip 26wks,0.177,0.125,0.181
DO.1206,F,G12,CSDO-F-62,11/9/2012,12/10/2013,396,Grip 52wks,0.147,0.136,0.131
DO.1207,F,G12,CSDO-F-62,11/9/2012,12/10/2013,396,Grip 52wks,0.143,0.182,0.138
DO.1208,F,G12,CSDO-F-62,11/9/2012,12/10/2013,396,Grip 52wks,0.154,0.166,0.159
DO.1209,F,G12,CSDO-F-62,11/9/2012,12/10/2013,396,Grip 52wks,0.132,0.152,0.165
DO.1210,F,G12,CSDO-F-62,11/9/2012,12/10/2013,396,Grip 52wks,0.083,0.112,0.088
DO.1211,F,G12,CSDO-F-63,11/9/2012,12/10/2013,396,Grip 52wks,0.143,0.117,0.132
DO.1212,F,G12,CSDO-F-63,11/9/2012,12/10/2013,396,Grip 52wks,0.107,0.165,0.143
DO.1213,F,G12,CSDO-F-63,11/9/2012,12/10/2013,396,Grip 52wks,0.142,0.148,0.152
DO.1214,F,G12,CSDO-F-63,11/9/2012,12/10/2013,396,Grip 52wks,0.156,0.147,0.156
DO.1215,F,G12,CSDO-F-63,11/9/2012,12/10/2013,396,Grip 52wks,0.095,0.152,0.168
DO.1216,F,G12,CSDO-F-64,11/9/2012,6/4/2013,207,Grip 26wks,0.175,0.195,0.184
DO.1217,F,G12,CSDO-F-64,11/9/2012,6/4/2013,207,Grip 26wks,0.133,0.138,0.121
DO.1218,F,G12,CSDO-F-64,11/9/2012,6/4/2013,207,Grip 26wks,0.165,0.182,0.149
DO.1219,F,G12,CSDO-F-64,11/9/2012,6/4/2013,207,Grip 26wks,0.125,0.151,0.143
DO.1220,F,G12,CSDO-F-64,11/9/2012,6/4/2013,207,Grip 26wks,0.116,0.133,0.149
DO.1221,F,G12,CSDO-F-65,11/9/2012,5/28/2013,200,Grip 26wks,0.122,0.141,0.138
DO.1222,F,G12,CSDO-F-65,11/9/2012,5/28/2013,200,Grip 26wks,0.099,0.137,0.122
DO.1223,F,G12,CSDO-F-65,11/9/2012,5/28/2013,200,Grip 26wks,0.156,0.157,0.178
DO.1224,F,G12,CSDO-F-65,11/9/2012,5/28/2013,200,Grip 26wks,0.137,0.135,0.117
DO.1225,F,G12,CSDO-F-65,11/9/2012,5/28/2013,200,Grip 26wks,0.127,0.131,0.126
DO.1226,F,G12,CSDO-F-66,11/9/2012,5/28/2013,200,Grip 26wks,0.137,0.145,0.15
DO.1227,F,G12,CSDO-F-66,11/9/2012,5/28/2013,200,Grip 26wks,0.139,0.149,0.164
DO.1228,F,G12,CSDO-F-66,11/9/2012,5/28/2013,200,Grip 26wks,0.117,0.11,0.138
DO.1229,F,G12,CSDO-F-66,11/9/2012,5/28/2013,200,Grip 26wks,0.114,0.156,0.138
DO.1230,F,G12,CSDO-F-66,11/9/2012,5/28/2013,200,Grip 26wks,0.148,0.092,0.105
DO.1236,F,G12,CSDO-F-68,11/9/2012,5/21/2013,193,Grip 26wks,0.143,0.132,0.132
DO.1237,F,G12,CSDO-F-68,11/9/2012,5/21/2013,193,Grip 26wks,0.186,0.181,0.122
DO.1238,F,G12,CSDO-F-68,11/9/2012,5/21/2013,193,Grip 26wks,0.153,0.137,0.138
DO.1239,F,G12,CSDO-F-68,11/9/2012,5/21/2013,193,Grip 26wks,0.145,0.126,0.117
DO.1240,F,G12,CSDO-F-68,11/9/2012,5/21/2013,193,Grip 26wks,0.124,0.162,0.123
DO.1241,F,G12,CSDO-F-69,11/9/2012,5/13/2013,185,Grip 26wks,0.12,0.13,0.099
DO.1242,F,G12,CSDO-F-69,11/9/2012,5/13/2013,185,Grip 26wks,0.082,0.097,0.109
DO.1243,F,G12,CSDO-F-69,11/9/2012,5/13/2013,185,Grip 26wks,0.141,0.167,0.171
DO.1244,F,G12,CSDO-F-69,11/9/2012,5/13/2013,185,Grip 26wks,0.149,0.107,0.104
DO.1245,F,G12,CSDO-F-69,11/9/2012,5/13/2013,185,Grip 26wks,0.118,0.111,0.136
DO.1246,F,G12,CSDO-F-70,11/9/2012,5/13/2013,185,Grip 26wks,0.128,0.174,0.155
DO.1247,F,G12,CSDO-F-70,11/9/2012,5/13/2013,185,Grip 26wks,0.102,0.131,0.116
DO.1248,F,G12,CSDO-F-70,11/9/2012,5/13/2013,185,Grip 26wks,0.118,0.129,0.136
DO.1249,F,G12,CSDO-F-70,11/9/2012,5/13/2013,185,Grip 26wks,0.158,0.17,0.16
DO.1250,F,G12,CSDO-F-70,11/9/2012,5/13/2013,185,Grip 26wks,0.141,0.117,0.159
DO.1251,F,G12,CSDO-F-71,11/9/2012,6/4/2013,207,Grip 26wks,0.141,0.152,0.087
DO.1252,F,G12,CSDO-F-71,11/9/2012,6/4/2013,207,Grip 26wks,0.114,0.122,0.136
DO.1253,F,G12,CSDO-F-71,11/9/2012,6/4/2013,207,Grip 26wks,0.13,0.122,0.146
DO.1254,F,G12,CSDO-F-71,11/9/2012,6/4/2013,207,Grip 26wks,0.127,0.135,0.115
DO.1255,F,G12,CSDO-F-71,11/9/2012,6/4/2013,207,Grip 26wks,0.13,0.139,0.118
DO.1256,F,G12,CSDO-F-72,11/9/2012,12/4/2013,390,Grip 52wks,0.149,0.136,0.133
DO.1257,F,G12,CSDO-F-72,11/9/2012,12/4/2013,390,Grip 52wks,0.122,0.177,0.167
DO.1258,F,G12,CSDO-F-72,11/9/2012,12/4/2013,390,Grip 52wks,0.163,0.132,0.138
DO.1259,F,G12,CSDO-F-72,11/9/2012,12/4/2013,390,Grip 52wks,0.187,0.185,0.127
DO.1260,F,G12,CSDO-F-72,11/9/2012,12/4/2013,390,Grip 52wks,0.128,0.148,0.147
DO.1261,M,G12,CSDO-M-61A,11/9/2012,5/28/2013,200,Grip 26wks,0.113,0.112,0.132
DO.1262,M,G12,CSDO-M-61,11/9/2012,5/28/2013,200,Grip 26wks,0.173,0.17,0.139
DO.1263,M,G12,CSDO-M-61B,11/9/2012,5/28/2013,200,Grip 26wks,0.148,0.151,0.151
DO.1264,M,G12,CSDO-M-61C,11/9/2012,5/28/2013,200,Grip 26wks,0.143,0.136,0.15
DO.1265,M,G12,CSDO-M-61A,11/9/2012,5/28/2013,200,Grip 26wks,0.142,0.182,0.165
DO.1266,M,G12,CSDO-M-62,11/9/2012,5/13/2013,185,Grip 26wks,0.16,0.151,0.158
DO.1267,M,G12,CSDO-M-62,11/9/2012,5/13/2013,185,Grip 26wks,0.189,0.187,0.164
DO.1268,M,G12,CSDO-M-62A,11/9/2012,5/13/2013,185,Grip 26wks,0.175,0.167,0.151
DO.1269,M,G12,CSDO-M-62B,11/9/2012,5/13/2013,185,Grip 26wks,0.177,0.166,0.168
DO.1270,M,G12,CSDO-M-62C,11/9/2012,5/13/2013,185,Grip 26wks,0.171,0.178,0.132
DO.1271,M,G12,CSDO-M-63,11/9/2012,6/4/2013,207,Grip 26wks,0.165,0.193,0.205
DO.1272,M,G12,CSDO-M-63,11/9/2012,6/4/2013,207,Grip 26wks,0.169,0.122,0.128
DO.1273,M,G12,CSDO-M-63B,11/9/2012,6/4/2013,207,Grip 26wks,0.186,0.174,0.168
DO.1274,M,G12,CSDO-M-63,11/9/2012,6/4/2013,207,Grip 26wks,0.171,0.168,0.152
DO.1275,M,G12,CSDO-M-63A,11/9/2012,6/4/2013,207,Grip 26wks,0.141,0.121,0.124
DO.1276,M,G12,CSDO-M-64,11/9/2012,12/10/2013,396,Grip 52wks,0.126,0.167,0.165
DO.1277,M,G12,CSDO-M-64,11/9/2012,12/10/2013,396,Grip 52wks,0.204,0.214,0.175
DO.1279,M,G12,CSDO-M-64,11/9/2012,12/10/2013,396,Grip 52wks,0.156,0.156,0.128
DO.1281,M,G12,CSDO-M-65,11/9/2012,12/10/2013,396,Grip 52wks,0.14,0.12,0.111
DO.1282,M,G12,CSDO-M-65,11/9/2012,12/10/2013,396,Grip 52wks,0.175,0.145,0.173
DO.1283,M,G12,CSDO-M-65A,11/9/2012,12/10/2013,396,Grip 52wks,0.19,0.167,0.189
DO.1284,M,G12,CSDO-M-65,11/9/2012,12/10/2013,396,Grip 52wks,0.172,0.178,0.158
DO.1285,M,G12,CSDO-M-65,11/9/2012,12/10/2013,396,Grip 52wks,0.185,0.139,0.201
DO.1287,M,G12,CSDO-M-66,11/9/2012,6/4/2013,207,Grip 26wks,0.155,0.169,0.205
DO.1288,M,G12,CSDO-M-66,11/9/2012,6/4/2013,207,Grip 26wks,0.14,0.202,0.208
DO.1289,M,G12,CSDO-M-66,11/9/2012,6/4/2013,207,Grip 26wks,0.158,0.161,0.19
DO.1290,M,G12,CSDO-M-66A,11/9/2012,6/4/2013,207,Grip 26wks,0.154,0.15,0.215
DO.1291,M,G12,CSDO-M-67D,11/9/2012,12/4/2013,390,Grip 52wks,0.218,0.149,0.193
DO.1292,M,G12,CSDO-M-67A,11/9/2012,12/4/2013,390,Grip 52wks,0.168,0.2,0.188
DO.1293,M,G12,CSDO-M-67B,11/9/2012,12/4/2013,390,Grip 52wks,0.13,0.148,0.192
DO.1294,M,G12,CSDO-M-67,11/9/2012,12/4/2013,390,Grip 52wks,0.117,0.123,0.168
DO.1295,M,G12,CSDO-M-67C,11/9/2012,12/4/2013,390,Grip 52wks,0.201,0.104,0.136
DO.1296,M,G12,CSDO-M-68A,11/9/2012,5/21/2013,193,Grip 26wks,0.153,0.176,0.128
DO.1297,M,G12,CSDO-M-68,11/9/2012,5/21/2013,193,Grip 26wks,0.107,0.105,0.099
DO.1298,M,G12,CSDO-M-68,11/9/2012,5/21/2013,193,Grip 26wks,0.157,0.196,0.072
DO.1299,M,G12,CSDO-M-68B,11/9/2012,5/21/2013,193,Grip 26wks,0.118,0.148,0.137
DO.1300,M,G12,CSDO-M-68,11/9/2012,5/21/2013,193,Grip 26wks,0.237,0.197,0.15
DO.1301,M,G12,CSDO-M-69B,11/9/2012,5/13/2013,185,Grip 26wks,0.165,0.174,0.129
DO.1302,M,G12,CSDO-M-69D,11/9/2012,5/13/2013,185,Grip 26wks,0.123,0.092,0.085
DO.1303,M,G12,CSDO-M-69,11/9/2012,5/13/2013,185,Grip 26wks,0.157,0.149,0.133
DO.1304,M,G12,CSDO-M-69A,11/9/2012,5/13/2013,185,Grip 26wks,0.132,0.141,0.155
DO.1305,M,G12,CSDO-M-69C,11/9/2012,5/13/2013,185,Grip 26wks,0.14,0.121,0.156
DO.1306,M,G12,CSDO-M-70,11/9/2012,5/21/2013,193,Grip 26wks,0.114,0.114,0.165
DO.1307,M,G12,CSDO-M-70,11/9/2012,5/21/2013,193,Grip 26wks,0.15,0.132,0.128
DO.1308,M,G12,CSDO-M-70,11/9/2012,5/21/2013,193,Grip 26wks,0.136,0.162,0.158
DO.1309,M,G12,CSDO-M-70,11/9/2012,5/21/2013,193,Grip 26wks,0.155,0.182,0.146
DO.1310,M,G12,CSDO-M-70,11/9/2012,5/21/2013,193,Grip 26wks,0.143,0.135,0.139
DO.1311,M,G12,CSDO-M-71A,11/9/2012,12/4/2013,390,Grip 52wks,0.144,0.123,0.152
DO.1312,M,G12,CSDO-M-71C,11/9/2012,12/4/2013,390,Grip 52wks,0.107,0.165,0.154
DO.1313,M,G12,CSDO-M-71D,11/9/2012,12/4/2013,390,Grip 52wks,0.114,0.165,0.126
DO.1314,M,G12,CSDO-M-71,11/9/2012,12/4/2013,390,Grip 52wks,0.198,0.159,0.135
DO.1315,M,G12,CSDO-M-71B,11/9/2012,12/4/2013,390,Grip 52wks,0.174,0.194,0.215
DO.1316,M,G12,CSDO-M-72B,11/9/2012,5/28/2013,200,Grip 26wks,0.18,0.138,0.146
DO.1317,M,G12,CSDO-M-72,11/9/2012,5/28/2013,200,Grip 26wks,0.118,0.134,0.161
DO.1318,M,G12,CSDO-M-72A,11/9/2012,5/28/2013,200,Grip 26wks,0.167,0.192,0.107
DO.1319,M,G12,CSDO-M-72,11/9/2012,5/28/2013,200,Grip 26wks,0.128,0.139,0.157
DO.1320,M,G12,CSDO-M-72C,11/9/2012,5/28/2013,200,Grip 26wks,0.152,0.168,0.125
