Mouse.ID,Sex,Generation,penName,DOB,Exp.Date,Age.at.Exp.Date,Test.Name,Camera,TST.Duration.Start.1.00,TST.Duration.1.2,TST.Duration.2.3,TST.Duration.3.4,TST.Duration.4.5
DO.0661,F,G8,CSDO-F-13,10/24/2011,11/15/2012,NA,Tail Suspension,1,5.53887,6.37305,13.4468,10.9443,9.60962
DO.0663,F,G8,CSDO-F-13,10/25/2011,4/26/2013,NA,Tail Suspension,1,8.2082,29.5762,52.2389,24.5846,47.0204
DO.0664,F,G8,CSDO-F-13,10/23/2011,5/2/2013,NA,Tail Suspension,1,NA,3.67034,1.06774,8.34167,6.80681
DO.0666,F,G8,CSDO-F-14,10/27/2011,11/15/2012,NA,Tail Suspension,1,11.3113,14.4812,13.8005,5.08508,6.40641
DO.0672,F,G8,CSDO-F-15,10/23/2011,11/15/2012,NA,Tail Suspension,1,7.27394,18.9323,31.1712,16.4298,34.5012
DO.0674,F,G8,CSDO-F-15,10/22/2011,11/15/2012,NA,Tail Suspension,1,6.2062,22.3557,34.321,43.6904,38.4051
DO.0677,F,G8,CSDO-F-16,10/23/2011,11/29/2012,NA,Tail Suspension,1,10.4104,19.2326,10.7307,1.76176,5.84585
DO.0680,F,G8,CSDO-F-16,10/25/2011,11/29/2012,NA,Tail Suspension,1,5.27194,6.6066,8.9623,7.32065,22.6226
DO.0682,F,G8,CSDO-F-17,10/24/2011,11/15/2012,NA,Tail Suspension,1,3.91058,8.0347,13.7137,4.9316,12.7861
DO.0683,F,G8,CSDO-F-17,10/23/2011,5/2/2013,NA,Tail Suspension,1,8.74875,21.348,17.5509,26.1862,40.6139
DO.0684,F,G8,CSDO-F-17,10/23/2011,5/2/2013,NA,Tail Suspension,1,8.2082,15.4955,28.8355,45.3186,23.7971
DO.0685,F,G8,CSDO-F-17,10/24/2011,5/2/2013,NA,Tail Suspension,1,5.13847,18.8989,34.2209,6.74007,41.9086
DO.0690,F,G8,CSDO-F-18,10/25/2011,11/29/2012,NA,Tail Suspension,1,2.33567,4.27094,4.53787,6.70003,14.3877
DO.0692,F,G8,CSDO-F-19,10/22/2011,5/16/2013,NA,Tail Suspension,1,2.53587,10.4104,16.6166,38.5052,41.4414
DO.0693,F,G8,CSDO-F-19,10/25/2011,5/16/2013,NA,Tail Suspension,1,0.667336,11.011,37.1238,56.8635,14.5212
DO.0694,F,G8,CSDO-F-19,10/27/2011,5/16/2013,NA,Tail Suspension,1,4.41108,16.8235,6.45979,15.1485,13.2799
DO.0695,F,G8,CSDO-F-19,10/23/2011,5/16/2013,NA,Tail Suspension,1,0.667334,2.66933,3.73707,8.00801,38.4384
DO.0698,F,G8,CSDO-F-20,10/27/2011,11/29/2012,NA,Tail Suspension,1,3.67034,21.4348,14.7548,23.8705,8.17484
DO.0701,F,G8,CSDO-F-21,10/26/2011,5/16/2013,NA,Tail Suspension,1,7.74107,10.4104,42.9963,33.0797,20.6206
DO.0702,F,G8,CSDO-F-21,10/23/2011,5/16/2013,NA,Tail Suspension,1,5.6056,39.1859,30.8375,35.4154,30.8308
DO.0703,F,G8,CSDO-F-21,10/27/2011,5/16/2013,NA,Tail Suspension,1,3.13647,20.6874,31.6517,20.961,27.334
DO.0704,F,G8,CSDO-F-21,10/24/2011,11/15/2012,NA,Tail Suspension,1,25.332,31.0911,55.956,24.6513,11.0177
DO.0708,F,G8,CSDO-F-22,10/23/2011,11/15/2012,NA,Tail Suspension,1,9.08241,20.694,40.5806,41.0477,43.2165
DO.0712,F,G8,CSDO-F-23,10/22/2011,5/2/2013,NA,Tail Suspension,1,18.0848,17.0837,47.4007,42.0887,42.1088
DO.0713,F,G8,CSDO-F-23,10/24/2011,5/2/2013,NA,Tail Suspension,1,3.87053,18.8856,23.5102,57.5976,56.1628
DO.0714,F,G8,CSDO-F-23,10/27/2011,5/2/2013,NA,Tail Suspension,1,2.66934,11.6917,35.6223,15.0817,41.308
DO.0715,F,G8,CSDO-F-23,10/25/2011,5/2/2013,NA,Tail Suspension,1,7.07375,23.9573,26.2463,48.028,33.5002
DO.0717,F,G8,CSDO-F-24,10/22/2011,11/29/2012,NA,Tail Suspension,1,0.533867,2.2022,4.67134,7.14048,3.8038
DO.0719,F,G8,CSDO-F-24,10/23/2011,11/29/2012,NA,Tail Suspension,1,0.607275,6.61328,7.72773,6.67335,8.74208
DO.0722,F,G9,CSDO-F-25,2/22/2012,2/28/2013,NA,Tail Suspension,2,17.3507,34.1341,38.6386,44.5446,45.5122
DO.0723,F,G9,CSDO-F-25,2/19/2012,2/28/2013,NA,Tail Suspension,1,8.008,7.2072,15.8158,10.6773,2.1021
DO.0727,F,G9,CSDO-F-26,2/20/2012,3/14/2013,NA,Tail Suspension,1,3.53687,21.7017,50.2369,29.1892,34.7748
DO.0730,F,G9,CSDO-F-26,2/20/2012,3/14/2013,NA,Tail Suspension,1,0.800798,7.54087,26.0928,40.8675,45.352
DO.0731,F,G9,CSDO-F-27,2/20/2012,2/28/2013,NA,Tail Suspension,1,19.0524,25.0717,38.9256,31.5916,46.8535
DO.0732,F,G9,CSDO-F-27,2/20/2012,2/28/2013,NA,Tail Suspension,2,9.87654,37.4708,35.3554,45.2853,51.8919
DO.0735,F,G9,CSDO-F-27,2/22/2012,2/28/2013,NA,Tail Suspension,1,8.97564,24.4044,35.322,39.5662,36.4765
DO.0738,F,G9,CSDO-F-28,2/22/2012,3/14/2013,NA,Tail Suspension,1,1.33467,15.5622,33.1532,27.1605,34.668
DO.0740,F,G9,CSDO-F-28,2/21/2012,3/14/2013,NA,Tail Suspension,1,3.87053,23.637,30.3704,35.976,43.3167
DO.0741,F,G9,CSDO-F-29,2/22/2012,9/5/2013,NA,Tail Suspension,1,3.00294,19.7685,24.4986,45.1855,31.2656
DO.0742,F,G9,CSDO-F-29,2/20/2012,9/5/2013,NA,Tail Suspension,2,0.266928,1.20118,4.27085,14.1122,41.876
DO.0743,F,G9,CSDO-F-29,2/22/2012,9/5/2013,NA,Tail Suspension,1,0.734052,4.60451,11.8354,24.7338,15.388
DO.0744,F,G9,CSDO-F-29,2/19/2012,9/5/2013,NA,Tail Suspension,2,3.54473,32.5064,28.2118,35.7333,30.8381
DO.0745,F,G9,CSDO-F-29,2/19/2012,9/5/2013,NA,Tail Suspension,1,0.400392,23.4897,37.7941,59.0658,50.6846
DO.0746,F,G9,CSDO-F-30,2/20/2012,3/7/2013,NA,Tail Suspension,2,2.06873,3.03637,4.53787,16.5833,20.8208
DO.0748,F,G9,CSDO-F-30,2/22/2012,3/7/2013,NA,Tail Suspension,1,4.07075,5.005,10.1969,18.2649,5.07173
DO.0752,F,G9,CSDO-F-31,2/19/2012,8/29/2013,NA,Tail Suspension,2,1.40137,0.600588,2.82654,13.0874,23.8583
DO.0753,F,G9,CSDO-F-31,2/20/2012,8/29/2013,NA,Tail Suspension,1,6.20608,20.1689,21.2049,26.5593,33.0053
DO.0754,F,G9,CSDO-F-31,2/19/2012,8/29/2013,NA,Tail Suspension,2,3.1364,23.0384,30.6379,30.3043,15.7838
DO.0755,F,G9,CSDO-F-31,2/19/2012,8/29/2013,NA,Tail Suspension,1,0.400392,1.08358,3.32074,6.00588,13.1191
DO.0759,F,G9,CSDO-F-32,2/20/2012,3/7/2013,NA,Tail Suspension,1,4.30431,8.47514,12.8128,22.656,7.90791
DO.0760,F,G9,CSDO-F-32,2/20/2012,3/7/2013,NA,Tail Suspension,2,6.84017,36.383,46.4198,50.357,57.5309
DO.0763,F,G9,CSDO-F-33,2/19/2012,9/5/2013,NA,Tail Suspension,1,0.133464,0.600588,3.60353,0.600588,1.00098
DO.0765,F,G9,CSDO-F-33,2/18/2012,9/5/2013,NA,Tail Suspension,2,6.60647,28.9108,18.4022,32.8639,14.689
DO.0766,F,G9,CSDO-F-34,2/22/2012,9/12/2013,NA,Tail Suspension,1,3.26987,6.73993,31.2544,33.142,4.33758
DO.0767,F,G9,CSDO-F-34,2/21/2012,9/12/2013,NA,Tail Suspension,2,1.73503,24.7734,30.0373,23.3641,37.5113
DO.0768,F,G9,CSDO-F-34,2/20/2012,9/12/2013,NA,Tail Suspension,1,0.934248,14.8145,27.851,36.2434,43.5839
DO.0769,F,G9,CSDO-F-34,2/22/2012,9/12/2013,NA,Tail Suspension,2,0.533856,1.80176,15.906,10.7868,34.5672
DO.0770,F,G9,CSDO-F-34,2/20/2012,9/12/2013,NA,Tail Suspension,1,1.33464,8.07457,31.9646,28.7932,21.9898
DO.0771,F,G9,CSDO-F-35,2/19/2012,3/7/2013,NA,Tail Suspension,1,4.57124,17.9513,18.2049,38.2849,24.4578
DO.0774,F,G9,CSDO-F-35,2/21/2012,3/7/2013,NA,Tail Suspension,2,8.27494,8.92226,22.2956,19.9666,23.2232
DO.0776,F,G9,CSDO-F-36,2/23/2012,8/29/2013,NA,Tail Suspension,1,8.27477,34.0492,26.3671,35.9765,42.0762
DO.0777,F,G9,CSDO-F-36,2/20/2012,8/29/2013,NA,Tail Suspension,2,0.600588,17.2169,19.3523,9.8096,39.5053
DO.0779,F,G9,CSDO-F-36,2/22/2012,8/29/2013,NA,Tail Suspension,1,0.400392,1.06771,4.13738,1.00098,16.5892
DO.0780,F,G9,CSDO-F-36,2/22/2012,8/29/2013,NA,Tail Suspension,2,3.0776,4.79677,37.9276,45.2522,23.7645
DO.0781,F,G10,CSDO-F-37,5/18/2012,11/21/2013,NA,Tail Suspension,2,0.200196,NA,0.066732,0.400392,0.400392
DO.0782,F,G10,CSDO-F-37,5/17/2012,11/21/2013,NA,Tail Suspension,1,3.54473,23.0146,43.576,8.50669,38.0452
DO.0783,F,G10,CSDO-F-37,5/16/2012,11/21/2013,NA,Tail Suspension,2,5.0049,24.3063,35.4426,50.3906,40.3411
DO.0784,F,G10,CSDO-F-37,5/15/2012,11/21/2013,NA,Tail Suspension,1,0.266928,0.66732,1.4681,4.63624,29.4367
DO.0785,F,G10,CSDO-F-37,5/15/2012,11/21/2013,NA,Tail Suspension,2,4.53778,16.1491,25.2914,37.4016,16.4511
DO.0791,F,G10,CSDO-F-39,5/15/2012,12/5/2013,NA,Tail Suspension,2,0.133464,3.40333,36.3022,9.64114,41.315
DO.0792,F,G10,CSDO-F-39,5/12/2012,12/5/2013,NA,Tail Suspension,1,4.60451,28.3102,12.7299,49.2799,51.6585
DO.0793,F,G10,CSDO-F-39,5/15/2012,12/5/2013,NA,Tail Suspension,2,20.0275,19.9449,41.798,41.8839,48.4871
DO.0794,F,G10,CSDO-F-39,5/17/2012,12/5/2013,NA,Tail Suspension,1,2.06869,23.5564,36.8599,48.9225,51.3248
DO.0795,F,G10,CSDO-F-39,5/16/2012,12/5/2013,NA,Tail Suspension,2,2.40235,4.27085,39.2622,48.0232,1.93523
DO.0796,F,G10,CSDO-F-40,5/15/2012,6/27/2013,NA,Tail Suspension,1,0.200199,15.281945,25.178512,34.214214,33.8672
DO.0797,F,G10,CSDO-F-40,5/16/2012,6/27/2013,NA,Tail Suspension,2,3.336672,26.773436,36.823491,41.93527,41.748409
DO.0798,F,G10,CSDO-F-40,5/16/2012,6/27/2013,NA,Tail Suspension,1,8.475141,23.036375,29.816485,31.925261,38.611945
DO.0799,F,G10,CSDO-F-40,5/17/2012,6/27/2013,NA,Tail Suspension,2,0.066733,1.935268,2.068735,25.719058,43.083082
DO.0800,F,G10,CSDO-F-40,5/12/2012,6/27/2013,NA,Tail Suspension,1,3.33667,20.553915,30.630644,27.787783,59.866533
DO.0801,F,G10,CSDO-F-41,5/15/2012,12/20/2012,NA,Tail Suspension,1,11.1445,43.5235,50.7241,56.6633,53.0597
DO.0802,F,G10,CSDO-F-41,5/15/2012,12/20/2012,NA,Tail Suspension,2,9.27595,22.2222,29.2493,31.5449,29.5295
DO.0803,F,G10,CSDO-F-41,5/16/2012,12/20/2012,NA,Tail Suspension,1,26.8669,51.8585,49.336,53.7137,44.0174
DO.0804,F,G10,CSDO-F-41,5/17/2012,12/20/2012,NA,Tail Suspension,2,9.40941,14.8148,9.00901,13.2799,11.2779
DO.0805,F,G10,CSDO-F-41,5/13/2012,12/20/2012,NA,Tail Suspension,1,13.2466,30.8976,31.9653,33.8338,52.8529
DO.0811,F,G10,CSDO-F-43,5/16/2012,11/21/2013,NA,Tail Suspension,1,0.533856,6.07261,38.6378,22.8223,36.1687
DO.0812,F,G10,CSDO-F-43,5/13/2012,11/21/2013,NA,Tail Suspension,2,7.67418,22.5554,27.9178,41.2483,55.1953
DO.0813,F,G10,CSDO-F-43,5/17/2012,11/21/2013,NA,Tail Suspension,1,0.66732,8.55756,26.4338,22.1312,46.5789
DO.0814,F,G10,CSDO-F-43,5/17/2012,11/21/2013,NA,Tail Suspension,2,0.867516,9.62527,25.3423,22.7206,14.2489
DO.0815,F,G10,CSDO-F-43,5/15/2012,11/21/2013,NA,Tail Suspension,1,1.93523,17.4329,16.9579,44.2863,39.105
DO.0816,F,G10,CSDO-F-44,5/14/2012,12/5/2013,NA,Tail Suspension,1,0.066732,21.7546,37.1935,59.3327,59.9333
DO.0817,F,G10,CSDO-F-44,5/13/2012,12/5/2013,NA,Tail Suspension,2,1.00098,8.1413,31.8979,44.4752,31.1988
DO.0818,F,G10,CSDO-F-44,5/9/2012,12/5/2013,NA,Tail Suspension,1,2.46908,29.7116,30.2375,37.4129,11.3841
DO.0821,F,G10,CSDO-F-45,5/13/2012,6/27/2013,NA,Tail Suspension,1,26.366363,43.169836,50.537208,41.781781,56.796796
DO.0822,F,G10,CSDO-F-45,5/13/2012,6/27/2013,NA,Tail Suspension,2,NA,0.2002,0.400401,1.161163,10.283619
DO.0823,F,G10,CSDO-F-45,5/15/2012,6/27/2013,NA,Tail Suspension,1,0.333668,4.604595,2.869542,19.979976,13.787117
DO.0824,F,G10,CSDO-F-45,5/12/2012,6/27/2013,NA,Tail Suspension,2,19.55289,25.972639,34.307641,40.113464,30.83751
DO.0825,F,G10,CSDO-F-45,5/15/2012,6/27/2013,NA,Tail Suspension,1,0.934265,17.697695,22.028699,30.543875,37.671009
DO.0826,F,G10,CSDO-F-46,5/12/2012,6/20/2013,NA,Tail Suspension,1,5.405406,28.895562,26.646641,34.841511,48.922253
DO.0827,F,G10,CSDO-F-46,5/16/2012,6/20/2013,NA,Tail Suspension,2,5.405415,28.241571,25.612283,15.575568,54.227559
DO.0828,F,G10,CSDO-F-46,5/17/2012,6/20/2013,NA,Tail Suspension,1,3.410076,31.02436,18.218217,56.216216,26.56656
DO.0829,F,G10,CSDO-F-46,5/13/2012,6/20/2013,NA,Tail Suspension,2,2.869543,15.281932,36.589912,29.302637,32.906204
DO.0830,F,G10,CSDO-F-46,5/15/2012,6/20/2013,NA,Tail Suspension,1,3.276611,20.41375,39.793128,43.516851,29.069069
DO.0831,F,G10,CSDO-F-47,5/14/2012,12/20/2012,NA,Tail Suspension,2,0.206873,0.593926,0.333667,1.8018,0.667334
DO.0832,F,G10,CSDO-F-47,5/16/2012,12/20/2012,NA,Tail Suspension,1,22.0621,25.4521,17.4374,10.724,13.7471
DO.0833,F,G10,CSDO-F-47,5/13/2012,12/20/2012,NA,Tail Suspension,2,1.66834,6.94028,5.42541,4.05071,6.8068
DO.0834,F,G10,CSDO-F-47,5/11/2012,12/10/2012,NA,Tail Suspension,1,51.2913,58.1982,51.6583,60,55.0617
DO.0835,F,G10,CSDO-F-47,5/10/2012,12/15/2012,NA,Tail Suspension,1,32.3323,19.1658,16.8569,23.5702,29.663
DO.0836,F,G10,CSDO-F-48,5/14/2012,6/20/2013,NA,Tail Suspension,2,1.201204,34.968303,41.261264,51.791792,41.715048
DO.0837,F,G10,CSDO-F-48,5/13/2012,6/20/2013,NA,Tail Suspension,1,0.940944,2.862857,6.07274,33.126455,6.713381
DO.0838,F,G10,CSDO-F-48,5/17/2012,6/20/2013,NA,Tail Suspension,2,16.956957,34.841503,28.635306,43.22322,35.535539
DO.0839,F,G10,CSDO-F-48,5/14/2012,6/20/2013,NA,Tail Suspension,1,6.880211,19.959961,18.738738,29.429429,5.605602
DO.0907,M,G8,CSDO-M-14,10/26/2011,11/15/2012,NA,Tail Suspension,1,4.23757,9.87654,10.1435,6.97364,9.34267
DO.0908,M,G8,CSDO-M-14,10/23/2011,11/29/2012,NA,Tail Suspension,1,2.2022,6.53988,3.4034,4.67134,4.13747
DO.0911,M,G8,CSDO-M-15,10/24/2011,11/15/2012,NA,Tail Suspension,1,12.3457,16.4965,13.8005,24.5846,39.1124
DO.0916,M,G8,CSDO-M-16,10/23/2011,11/15/2012,NA,Tail Suspension,1,4.57124,6.87353,6.00601,14.5812,6.97363
DO.0919,M,G8,CSDO-M-16,10/25/2011,11/15/2012,NA,Tail Suspension,1,15.1885,13.7738,17.1171,19.9867,18.8856
DO.0920,M,G8,CSDO-M-16,10/22/2011,11/29/2012,NA,Tail Suspension,1,8.07474,7.6076,8.6086,22.7161,17.5242
DO.0921,M,G8,CSDO-M-17A,10/24/2011,5/16/2013,NA,Tail Suspension,1,8.67534,12.7594,15.0017,27.4274,3.003
DO.0922,M,G8,CSDO-M-17B,10/27/2011,5/16/2013,NA,Tail Suspension,1,2.86954,7.14047,41.9086,24.1842,26.333
DO.0924,M,G8,CSDO-M-17,10/25/2011,11/29/2012,NA,Tail Suspension,1,3.26994,11.8252,11.7317,13.8138,27.5609
DO.0926,M,G8,CSDO-M-18,10/24/2011,5/16/2013,NA,Tail Suspension,1,1.80181,20.5539,8.74207,5.47213,3.47014
DO.0927,M,G8,CSDO-M-18,10/23/2011,5/16/2013,NA,Tail Suspension,1,2.46913,16.0828,12.1655,21.8018,24.5579
DO.0929,M,G8,CSDO-M-18,10/26/2011,5/16/2013,NA,Tail Suspension,1,2.6026,11.5449,50.1368,40.1535,34.5679
DO.0930,M,G8,CSDO-M-18,10/23/2011,5/10/2013,NA,Tail Suspension,1,1.53487,6.2062,9.87652,48.4084,48.7554
DO.0931,M,G8,CSDO-M-19B,10/26/2011,5/16/2013,NA,Tail Suspension,1,2.33567,12.2256,33.8872,30.6974,12.3457
DO.0932,M,G8,CSDO-M-19,10/22/2011,5/2/2013,NA,Tail Suspension,1,2.86954,7.60761,15.7491,17.2439,22.329
DO.0934,M,G8,CSDO-M-19,10/27/2011,5/2/2013,NA,Tail Suspension,1,1.73507,12.5459,26.9136,17.3307,33.3667
DO.0935,M,G8,CSDO-M-19,10/22/2011,4/26/2013,NA,Tail Suspension,1,0.533866,5.2052,10.8308,19.7998,18.018
DO.0941,M,G8,CSDO-M-21,10/27/2011,5/2/2013,NA,Tail Suspension,1,0.066734,4.60459,0.400399,1.001,33.9673
DO.0943,M,G8,CSDO-M-21,10/24/2011,4/26/2013,NA,Tail Suspension,1,4.80479,33.033,10.0767,26.9203,33.2733
DO.0944,M,G8,CSDO-M-21,10/27/2011,5/2/2013,NA,Tail Suspension,1,3.53689,26.9603,33.3867,16.4231,57.2306
DO.0947,M,G8,CSDO-M-22,10/27/2011,5/10/2013,NA,Tail Suspension,1,6.20621,7.80781,7.74107,12.5726,16.2563
DO.0948,M,G8,CSDO-M-22,10/22/2011,5/7/2013,NA,Tail Suspension,1,4.33767,8.47514,16.7501,8.00801,24.9583
DO.0951,M,G8,CSDO-M-23,10/23/2011,11/15/2012,NA,Tail Suspension,1,15.9159,24.9383,17.1371,20.1868,27.4274
DO.0952,M,G8,CSDO-M-23,10/27/2011,5/2/2013,NA,Tail Suspension,1,8.94228,45.8592,55.5289,33.7071,56.363
DO.0953,M,G8,CSDO-M-23,10/24/2011,5/2/2013,NA,Tail Suspension,1,1.80848,3.33001,20.8875,8.67534,43.31
DO.0954,M,G8,CSDO-M-23,10/24/2011,11/15/2012,NA,Tail Suspension,1,8.3083,22.4691,11.9319,5.27194,5.10511
DO.0955,M,G8,CSDO-M-23,10/26/2011,5/2/2013,NA,Tail Suspension,1,0.266934,2.34902,6.59326,0.734069,NA
DO.0956,M,G8,CSDO-M-24,10/23/2011,11/29/2012,NA,Tail Suspension,1,0.333667,1.86854,9.07574,5.27195,2.2022
DO.0959,M,G8,CSDO-M-24,10/27/2011,11/29/2012,NA,Tail Suspension,1,0.333668,4.47113,6.94028,6.47314,9.50951
DO.0962,M,G9,CSDO-M-25C,2/24/2012,8/29/2013,NA,Tail Suspension,2,19.8273,50.8577,44.3609,40.805,55.9564
DO.0963,M,G9,CSDO-M-25,2/19/2012,8/29/2013,NA,Tail Suspension,2,1.4681,14.1472,10.4769,17.2169,8.1413
DO.0964,M,G9,CSDO-M-25D,2/21/2012,8/29/2013,NA,Tail Suspension,1,19.3523,25.2247,44.6675,50.9244,24.0585
DO.0967,M,G9,CSDO-M-26B,2/18/2012,9/12/2013,NA,Tail Suspension,2,2.60255,19.2188,33.2993,25.0245,27.7334
DO.0969,M,G9,CSDO-M-26,2/21/2012,9/12/2013,NA,Tail Suspension,1,0.66732,41.1895,50.4573,59.1325,49.6836
DO.0970,M,G9,CSDO-M-26,2/21/2012,9/12/2013,NA,Tail Suspension,2,30.1041,52.526,46.3199,49.79,54.0609
DO.0971,M,G9,CSDO-M-27,2/20/2012,3/7/2013,NA,Tail Suspension,2,4.14415,9.76977,8.79546,23.1298,32.6059
DO.0972,M,G9,CSDO-M-27A,2/21/2012,9/12/2013,NA,Tail Suspension,1,7.81558,15.207,26.4926,11.4429,32.1998
DO.0973,M,G9,CSDO-M-27,2/22/2012,3/7/2013,NA,Tail Suspension,2,4.5045,27.7077,53.4735,40.7007,7.5809
DO.0974,M,G9,CSDO-M-27,2/19/2012,3/7/2013,NA,Tail Suspension,1,4.43777,5.8058,13.013,14.648,14.1475
DO.0975,M,G9,CSDO-M-27,2/23/2012,3/7/2013,NA,Tail Suspension,1,3.3033,6.87355,5.23857,13.1465,8.20822
DO.0976,M,G9,CSDO-M-28,2/23/2012,8/29/2013,NA,Tail Suspension,1,8.74189,5.27183,31.588,26.0334,29.1969
DO.0977,M,G9,CSDO-M-28,2/19/2012,8/29/2013,NA,Tail Suspension,2,0.533856,0.934248,11.3682,23.4309,20.3883
DO.0978,M,G9,CSDO-M-28,2/21/2012,8/29/2013,NA,Tail Suspension,1,5.27183,5.67222,9.74287,30.0961,22.0612
DO.0979,M,G9,CSDO-M-28,2/22/2012,8/29/2013,NA,Tail Suspension,2,1.00098,4.93817,1.6683,14.0137,5.47202
DO.0980,M,G9,CSDO-M-28,2/18/2012,8/29/2013,NA,Tail Suspension,1,0.533856,2.13542,3.26987,29.5623,11.211
DO.0981,M,G9,CSDO-M-29,2/20/2012,2/28/2013,NA,Tail Suspension,1,7.54088,10.7774,18.1515,30.6306,37.5709
DO.0982,M,G9,CSDO-M-29A,2/20/2012,2/28/2013,NA,Tail Suspension,2,4.37104,11.9453,19.8532,23.617,22.8962
DO.0983,M,G9,CSDO-M-29A,2/20/2012,2/28/2013,NA,Tail Suspension,1,2.3023,7.4074,10.2102,14.7481,18.4852
DO.0984,M,G9,CSDO-M-29,2/22/2012,2/28/2013,NA,Tail Suspension,1,8.04138,29.4294,18.018,47.6143,18.285
DO.0985,M,G9,CSDO-M-29,2/22/2012,2/28/2013,NA,Tail Suspension,2,15.1151,26.6066,39.1058,31.5248,32.9062
DO.0987,M,G9,CSDO-M-30,2/21/2012,3/14/2013,NA,Tail Suspension,1,3.2032,6.01935,17.4041,35.3287,36.977
DO.0993,M,G9,CSDO-M-31,2/23/2012,2/28/2013,NA,Tail Suspension,1,6.67333,8.5085,12.2122,20.287,33.033
DO.0996,M,G9,CSDO-M-32,2/21/2012,3/14/2013,NA,Tail Suspension,1,1.66834,21.6216,20.5739,47.027,36.0027
DO.1000,M,G9,CSDO-M-32,2/21/2012,3/14/2013,NA,Tail Suspension,1,4.67135,6.00601,21.2412,41.7551,36.7367
DO.1001,M,G9,CSDO-33C,2/18/2012,2/28/2013,NA,Tail Suspension,1,10.644,10.7107,14.8148,12.5792,17.017
DO.1002,M,G9,CSDO-M-33,2/20/2012,9/5/2013,NA,Tail Suspension,1,4.53778,21.8214,25.7586,40.0709,38.4059
DO.1003,M,G9,CSDO-M-33B,2/19/2012,9/5/2013,NA,Tail Suspension,2,2.53582,17.6331,4.58864,27.1599,10.6771
DO.1006,M,G9,CSDO-M-34,2/23/2012,9/12/2013,NA,Tail Suspension,2,2.80274,9.07555,16.5066,40.2473,34.5751
DO.1007,M,G9,CSDO-M-34,2/21/2012,9/12/2013,NA,Tail Suspension,1,0.33366,14.948,16.4828,5.53876,44.283
DO.1008,M,G9,CSDO-M-34A,2/24/2012,9/12/2013,NA,Tail Suspension,2,4.34551,13.0715,24.0903,24.6241,32.4318
DO.1010,M,G9,CSDO-M-34,2/23/2012,9/12/2013,NA,Tail Suspension,2,0.867516,6.6732,9.94307,16.3143,6.50801
DO.1011,M,G9,CSDO-M-35B,2/18/2012,9/12/2013,NA,Tail Suspension,1,0.066732,0.200196,3.60353,5.47202,6.33954
DO.1015,M,G9,CSDO-M-35A,2/19/2012,9/12/2013,NA,Tail Suspension,1,3.3366,9.47594,3.93719,27.3601,19.3919
DO.1016,M,G9,CSDO-M-36,2/22/2012,9/5/2013,NA,Tail Suspension,2,4.73797,34.7674,25.6918,42.6735,54.5947
DO.1017,M,G9,CSDO-M-36A,2/18/2012,9/5/2013,NA,Tail Suspension,2,2.73601,9.15815,27.4777,26.0255,26.2653
DO.1018,M,G9,CSDO-M-36B,2/19/2012,9/5/2013,NA,Tail Suspension,1,6.53974,19.0186,35.8589,30.1041,32.1998
DO.1019,M,G9,CSDO-M-36,2/20/2012,9/5/2013,NA,Tail Suspension,1,0.266928,2.60255,18.2416,27.1361,19.3919
DO.1020,M,G9,CSDO-M-36,2/20/2012,9/5/2013,NA,Tail Suspension,2,11.5446,35.1169,29.6799,36.1337,55.9961
DO.1021,M,G10,CSDO-M-37,5/15/2012,6/20/2013,NA,Tail Suspension,2,0.2002,10.757422,24.230894,33.279949,39.139143
DO.1022,M,G10,CSDO-M-37A,5/15/2012,6/20/2013,NA,Tail Suspension,1,0.8008,1.134466,11.678346,0.667336,5.338673
DO.1023,M,G10,CSDO-M-37B,5/17/2012,6/20/2013,NA,Tail Suspension,1,2.47581,13.07307,16.349687,30.256918,45.25192
DO.1024,M,G10,CSDO-M-37,5/17/2012,6/20/2013,NA,Tail Suspension,2,0.867533,15.882546,23.710382,48.788787,43.550216
DO.1025,M,G10,CSDO-M-37,5/13/2012,6/20/2013,NA,Tail Suspension,2,1.334668,6.53987,16.016014,51.611609,56.196197
DO.1026,M,G10,CSDO-M-38A,5/14/2012,6/14/2013,NA,Tail Suspension,2,0.467137,7.073746,8.141471,16.64331,19.49283
DO.1027,M,G10,CSDO-M-38,5/16/2012,6/20/2013,NA,Tail Suspension,2,2.936266,17.61762,38.458456,28.875547,37.63764
DO.1028,M,G10,CSDO-M-38A,5/15/2012,6/20/2013,NA,Tail Suspension,1,1.468127,1.334673,5.939274,4.030692,6.71338
DO.1029,M,G10,CSDO-M-38B,5/15/2012,6/20/2013,NA,Tail Suspension,1,8.548546,19.426094,37.644313,31.771772,36.376375
DO.1031,M,G10,CSDO-M-39,5/16/2012,11/21/2013,NA,Tail Suspension,2,1.13444,15.9489,5.13836,32.0631,24.7926
DO.1032,M,G10,CSDO-M-39,5/13/2012,11/21/2013,NA,Tail Suspension,1,10.21,24.4906,42.1984,34.5084,40.5413
DO.1033,M,G10,CSDO-M-39,5/15/2012,11/21/2013,NA,Tail Suspension,2,7.34052,16.0315,47.2542,35.4426,40.0742
DO.1035,M,G10,CSDO-M-39,5/15/2012,11/21/2013,NA,Tail Suspension,1,3.60353,12.7617,25.7665,55.4622,55.7292
DO.1037,M,G10,CSDO-M-40,5/13/2012,12/20/2012,NA,Tail Suspension,2,7.47414,7.67434,10.8775,17.4841,8.80881
DO.1038,M,G10,CSDO-M-40,5/9/2012,12/20/2012,NA,Tail Suspension,2,1.001,1.26794,4.80481,2.86953,2.86954
DO.1039,M,G10,CSDO-M-40,5/11/2012,12/20/2012,NA,Tail Suspension,1,22.0888,30.4972,57.4107,35.1084,50.2569
DO.1040,M,G10,CSDO-M-40,5/12/2012,12/20/2012,NA,Tail Suspension,1,35.7758,44.8849,51.1245,48.8889,48.7888
DO.1041,M,G10,CSDO-M-41,5/16/2012,12/20/2012,NA,Tail Suspension,2,5.6056,10.4772,32.9196,32.8395,27.6009
DO.1042,M,G10,CSDO-M-41,5/15/2012,12/20/2012,NA,Tail Suspension,2,2.06873,8.14148,27.5142,20.0267,9.31598
DO.1043,M,G10,CSDO-M-41,5/12/2012,12/20/2012,NA,Tail Suspension,1,30.1301,51.2312,56.1962,56.0627,55.1618
DO.1044,M,G10,CSDO-M-41,5/15/2012,12/18/2012,NA,Tail Suspension,2,3.20321,20.8342,16.1361,10.5706,6.24625
DO.1045,M,G10,CSDO-M-41,5/17/2012,12/20/2012,NA,Tail Suspension,1,18.5586,20.1134,21.4548,10.1768,9.17584
DO.1046,M,G10,CSDO-M-42,5/15/2012,12/5/2013,NA,Tail Suspension,2,0.533856,5.48789,28.2785,1.8685,25.5313
DO.1047,M,G10,CSDO-M-42A,5/14/2012,12/5/2013,NA,Tail Suspension,1,26.2257,52.051,47.6037,18.9281,46.8855
DO.1048,M,G10,CSDO-M-42,5/14/2012,12/5/2013,NA,Tail Suspension,1,3.73699,15.4977,35.3092,21.197,45.578
DO.1049,M,G10,CSDO-M-42B,5/16/2012,12/5/2013,NA,Tail Suspension,2,36.1099,40.1806,53.3268,58.4652,60
DO.1051,M,G10,CSDO-M-43,5/15/2012,6/27/2013,NA,Tail Suspension,2,3.536872,27.107112,27.614284,8.034711,56.529862
DO.1053,M,G10,CSDO-M-43B,5/13/2012,6/27/2013,NA,Tail Suspension,2,1.201202,7.607611,3.603605,20.55389,1.935268
DO.1054,M,G10,CSDO-M-43,5/15/2012,6/27/2013,NA,Tail Suspension,1,7.807807,9.409411,27.714382,22.06874,43.176509
DO.1055,M,G10,CSDO-M-43A,5/13/2012,6/27/2013,NA,Tail Suspension,2,29.6363,35.308641,48.521854,32.545868,13.813811
DO.1056,M,G10,CSDO-M-44A,5/12/2012,12/5/2013,NA,Tail Suspension,1,17.3503,33.1817,42.1588,35.1995,8.10958
DO.1057,M,G10,CSDO-M-44,5/12/2012,12/5/2013,NA,Tail Suspension,1,0.066732,NA,0.33366,4.53778,3.1364
DO.1058,M,G10,CSDO-M-44,5/16/2012,12/5/2013,NA,Tail Suspension,2,7.01479,10.8694,20.7537,32.7971,29.9039
DO.1059,M,G10,CSDO-M-44,5/14/2012,12/5/2013,NA,Tail Suspension,1,2.13542,7.07359,8.40823,12.4122,25.4916
DO.1060,M,G10,CSDO-M-44,5/15/2012,12/5/2013,NA,Tail Suspension,2,3.26987,4.33758,46.4693,32.408,37.4763
DO.1066,M,G10,CSDO-M-46,5/15/2012,6/27/2013,NA,Tail Suspension,1,3.937272,16.629967,43.363363,27.787765,58.66533
DO.1067,M,G10,CSDO-M-46,5/16/2012,6/27/2013,NA,Tail Suspension,2,14.954955,24.084087,33.233234,30.764098,8.608615
DO.1068,M,G10,CSDO-M-46,5/16/2012,6/27/2013,NA,Tail Suspension,1,4.204204,20.620628,47.047051,45.739068,53.526861
DO.1069,M,G10,CSDO-M-46A,5/17/2012,6/27/2013,NA,Tail Suspension,1,2.936267,14.014012,18.885549,9.169166,17.057056
DO.1070,M,G10,CSDO-M-46,5/12/2012,6/27/2013,NA,Tail Suspension,2,2.135466,13.346672,19.372691,40.487152,28.194868
DO.1071,M,G10,CSDO-M-47,5/18/2012,11/21/2013,NA,Tail Suspension,1,NA,1.8685,1.26791,19.5175,7.17533
DO.1075,M,G10,CSDO-M-47,5/15/2012,11/21/2013,NA,Tail Suspension,1,0.533856,4.01978,31.1718,14.9559,13.982
DO.1087,F,G11,CSDO-F-50,8/20/2012,9/19/2013,NA,Tail Suspension,1,1.4681,28.9108,31.0383,44.1528,48.5538
DO.1088,F,G11,CSDO-F-50,8/22/2012,9/19/2013,NA,Tail Suspension,2,2.73601,31.4308,37.8608,36.4119,33.8331
DO.1089,F,G11,CSDO-F-50,8/22/2012,9/19/2013,NA,Tail Suspension,1,0.533856,4.00392,13.9708,18.7946,8.0475
DO.1090,F,G11,CSDO-F-50,8/22/2012,9/19/2013,NA,Tail Suspension,2,10.0845,26.0175,43.8667,40.581,31.0383
DO.1096,F,G11,CSDO-F-52,8/18/2012,3/21/2013,NA,Tail Suspension,1,9.54288,28.9757,34.3744,21.8018,45.312
DO.1098,F,G11,CSDO-F-52,8/21/2012,3/21/2013,NA,Tail Suspension,1,6.74008,18.0847,39.1258,28.5419,37.4374
DO.1100,F,G11,CSDO-F-52,8/21/2012,3/21/2013,NA,Tail Suspension,1,4.33767,13.7471,23.7571,13.0797,48.048
DO.1101,F,G11,CSDO-F-53,8/22/2012,9/26/2013,NA,Tail Suspension,2,NA,0.867516,4.93817,6.73993,49.6883
DO.1102,F,G11,CSDO-F-53,8/23/2012,9/26/2013,NA,Tail Suspension,1,3.06967,10.5437,6.07261,3.83545,5.10664
DO.1103,F,G11,CSDO-F-53,8/22/2012,9/26/2013,NA,Tail Suspension,2,0.600588,5.28769,23.0972,8.5179,29.4017
DO.1105,F,G11,CSDO-F-53,8/24/2012,9/26/2013,NA,Tail Suspension,1,3.478,27.0344,29.3033,11.988,6.20608
DO.1111,F,G11,CSDO-F-55,8/22/2012,9/19/2013,NA,Tail Suspension,2,0.133464,0.066732,1.33464,9.54268,27.4269
DO.1112,F,G11,CSDO-F-55,8/19/2012,9/19/2013,NA,Tail Suspension,1,0.741984,2.46115,9.67614,20.0513,21.6291
DO.1113,F,G11,CSDO-F-55,8/22/2012,9/19/2013,NA,Tail Suspension,2,0.533856,5.47202,20.644,25.2676,38.811
DO.1114,F,G11,CSDO-F-55,8/20/2012,9/19/2013,NA,Tail Suspension,1,0.400392,0.200196,18.685,10.1433,7.51364
DO.1115,F,G11,CSDO-F-55,8/19/2012,9/19/2013,NA,Tail Suspension,2,4.67124,16.4828,26.4497,37.3461,34.9676
DO.1116,F,G11,CSDO-F-56,8/19/2012,3/28/2013,NA,Tail Suspension,1,1.67501,11.0043,0.133466,0.533867,23.2232
DO.1117,F,G11,CSDO-F-56,8/17/2012,3/28/2013,NA,Tail Suspension,1,1.001,7.34068,13.8138,7.67434,1.80181
DO.1118,F,G11,CSDO-F-56,8/22/2012,3/28/2013,NA,Tail Suspension,2,0.767436,0.867533,0.467133,0.400403,1.26793
DO.1119,F,G11,CSDO-F-56,8/20/2012,3/28/2013,NA,Tail Suspension,1,7.67435,23.7571,33.3867,35.2819,13.2132
DO.1120,F,G11,CSDO-F-56,8/20/2012,3/28/2013,NA,Tail Suspension,2,0.333666,5.4054,19.6196,13.28,23.9907
DO.1121,F,G11,CSDO-F-57,8/19/2012,3/28/2013,NA,Tail Suspension,1,0.066733,2.46914,33.4334,26.5199,37.4107
DO.1123,F,G11,CSDO-F-57,8/21/2012,3/28/2013,NA,Tail Suspension,2,2.50251,3.57024,2.7027,3.43677,6.40641
DO.1124,F,G11,CSDO-F-57,8/23/2012,3/28/2013,NA,Tail Suspension,1,3.53687,24.4244,36.5699,13.6803,19.019
DO.1125,F,G11,CSDO-F-57,8/23/2012,3/28/2013,NA,Tail Suspension,2,21.5549,25.8725,42.0821,46.6533,21.6616
DO.1126,F,G11,CSDO-F-58,8/20/2012,9/26/2013,NA,Tail Suspension,2,2.86948,9.40921,22.5792,23.5643,44.5849
DO.1127,F,G11,CSDO-F-58,8/21/2012,9/20/2013,NA,Tail Suspension,1,0.33366,7.94111,15.0814,19.2855,22.3552
DO.1128,F,G11,CSDO-F-58,8/20/2012,9/26/2013,NA,Tail Suspension,2,0.600588,25.4916,26.6928,19.3173,28.93
DO.1129,F,G11,CSDO-F-58,8/24/2012,9/26/2013,NA,Tail Suspension,1,0.600588,2.06869,3.49386,10.3864,14.948
DO.1130,F,G11,CSDO-F-58,8/22/2012,9/26/2013,NA,Tail Suspension,2,0.066732,0.66732,1.00098,1.4681,1.60157
DO.1136,F,G11,CSDO-F-60,8/21/2012,3/21/2013,NA,Tail Suspension,1,0.600603,4.73807,15.8826,29.2292,33.667
DO.1137,F,G11,CSDO-F-60,8/22/2012,3/21/2013,NA,Tail Suspension,1,1.46814,5.13847,13.8138,8.6086,38.305
DO.1139,F,G11,CSDO-F-60,8/20/2012,3/21/2013,NA,Tail Suspension,1,1.93527,2.4024,31.6316,44.311,31.7985
DO.1141,M,G11,CSDO-M-49A,8/22/2012,9/19/2013,NA,Tail Suspension,1,5.07163,21.5036,41.9156,27.4348,34.0413
DO.1142,M,G11,CSDO-M-49C,8/21/2012,9/19/2013,NA,Tail Suspension,1,32.7066,32.2395,32.5731,35.9448,42.3477
DO.1145,M,G11,CSDO-M-49A,8/21/2012,9/19/2013,394,Tail Suspension,NA,NA,NA,NA,NA,NA
DO.1151,M,G11,CSDO-M-50,8/22/2012,3/28/2013,NA,Tail Suspension,2,0.834166,0.734068,1.56823,1.53487,7.40741
DO.1152,M,G11,CSDO-M-51,8/19/2012,3/28/2013,NA,Tail Suspension,1,1.20121,14.1475,30.2503,27.007,30.3971
DO.1153,M,G11,CSDO-M-51,8/22/2012,3/28/2013,NA,Tail Suspension,2,0.367034,3.23656,0.433769,1.13447,7.47414
DO.1154,M,G11,CSDO-M-51,8/24/2012,3/28/2013,NA,Tail Suspension,1,0.867534,1.68168,40.1802,38.5786,21.3614
DO.1155,M,G11,CSDO-M-51,8/17/2012,3/28/2013,NA,Tail Suspension,2,1.1011,2.43577,2.03536,2.93626,3.13646
DO.1161,M,G11,CSDO-M-53,8/19/2012,9/26/2013,NA,Tail Suspension,2,0.133464,NA,0.066732,0.066732,0.734052
DO.1162,M,G11,CSDO-M-53C,8/22/2012,9/26/2013,NA,Tail Suspension,1,7.08152,26.1669,29.5035,53.9624,37.8767
DO.1163,M,G11,CSDO-M-53B,8/19/2012,9/26/2013,NA,Tail Suspension,1,9.40921,20.6202,26.3162,27.4348,41.9824
DO.1165,M,G11,CSDO-M-53D,8/23/2012,9/26/2013,NA,Tail Suspension,1,14.8224,24.899,23.4738,0.066732,0.266928
DO.1171,M,G11,CSDO-M-55B,8/22/2012,3/28/2013,NA,Tail Suspension,1,27.1672,38.9122,43.984,41.2212,49.8498
DO.1172,M,G11,CSDO-M-55A,8/20/2012,3/28/2013,NA,Tail Suspension,1,1.26794,35.5155,41.2279,22.716,25.7324
DO.1173,M,G11,CSDO-M-55C,8/21/2012,3/28/2013,NA,Tail Suspension,1,5.47214,28.295,24.1575,32.2322,36.4031
DO.1174,M,G11,CSDO-M-55,8/22/2012,3/28/2013,NA,Tail Suspension,1,NA,5.8058,22.4224,14.2142,27.2272
DO.1175,M,G11,CSDO-M-55,8/23/2012,3/28/2013,NA,Tail Suspension,2,0.93427,9.58958,5.82583,12.9396,36.9103
DO.1181,M,G11,CSDO-M-57,8/21/2012,9/19/2013,NA,Tail Suspension,2,1.93523,17.7507,18.1511,21.0873,28.3611
DO.1182,M,G11,CSDO-M-57,8/20/2012,9/19/2013,NA,Tail Suspension,1,6.27281,10.0098,17.7507,39.1717,38.4106
DO.1184,M,G11,CSDO-M-57,8/21/2012,9/19/2013,NA,Tail Suspension,2,8.60843,38.1866,45.4286,38.803,24.632
DO.1185,M,G11,CSDO-M-57,8/20/2012,9/19/2013,NA,Tail Suspension,1,7.14032,25.6918,25.7586,42.54,43.317
DO.1186,M,G11,CSDO-M-58,8/21/2012,9/26/2013,NA,Tail Suspension,2,5.33856,33.6488,41.4247,54.752,39.6071
DO.1187,M,G11,CSDO-M-58,8/20/2012,9/26/2013,NA,Tail Suspension,1,2.26889,0.66732,0.66732,1.80176,3.47006
DO.1188,M,G11,CSDO-M-58,8/22/2012,9/26/2013,NA,Tail Suspension,2,0.33366,3.60353,22.6459,6.14728,30.1311
DO.1189,M,G11,CSDO-M-58,8/24/2012,9/24/2013,NA,Tail Suspension,1,11.0108,36.9854,29.2128,23.3212,54.9284
DO.1190,M,G11,CSDO-M-58,8/20/2012,9/26/2013,NA,Tail Suspension,2,6.53974,10.8106,15.0814,26.5243,45.7861
DO.1191,M,G11,CSDO-M-59,8/21/2012,3/21/2013,NA,Tail Suspension,1,3.73707,25.4254,20.2402,27.4341,28.2349
DO.1193,M,G11,CSDO-M-59,8/22/2012,3/21/2013,NA,Tail Suspension,1,0.667336,0.600603,2.06874,3.06974,3.53687
DO.1197,M,G11,CSDO-M-60,8/19/2012,3/21/2013,NA,Tail Suspension,1,2.6026,32.646,21.9419,36.9303,27.8679
DO.1200,M,G11,CSDO-M-60,8/17/2012,3/21/2013,NA,Tail Suspension,1,0.467138,8.34168,23.1098,9.72305,36.5365
DO.1201,F,G12,CSDO-F-61,11/9/2012,5/30/2013,NA,Tail Suspension,1,1.6016,8.42175,46.0527,19.5329,3.93727
DO.1202,F,G12,CSDO-F-61,11/9/2012,5/30/2013,NA,Tail Suspension,1,0.934265,6.13947,21.0878,25.4254,26.1595
DO.1203,F,G12,CSDO-F-61,11/9/2012,5/30/2013,NA,Tail Suspension,1,0.867533,12.5459,11.4114,44.3777,7.60761
DO.1204,F,G12,CSDO-F-61,11/9/2012,5/30/2013,NA,Tail Suspension,1,13.3467,15.1618,40.7608,44.2442,39.306
DO.1205,F,G12,CSDO-F-61,11/9/2012,5/30/2013,NA,Tail Suspension,1,6.27294,27.4274,21.0877,33.5936,30.337
DO.1206,F,G12,CSDO-F-62,11/9/2012,12/19/2013,NA,Tail Suspension,2,0.066732,23.9727,17.425,13.8565,32.071
DO.1207,F,G12,CSDO-F-62,11/9/2012,12/19/2013,NA,Tail Suspension,1,1.06771,6.20608,17.4171,40.3061,17.0563
DO.1208,F,G12,CSDO-F-62,11/9/2012,12/19/2013,NA,Tail Suspension,2,11.4779,20.2198,35.6349,42.8069,38.846
DO.1209,F,G12,CSDO-F-62,11/9/2012,12/19/2013,NA,Tail Suspension,1,5.80568,11.211,23.3133,30.1708,35.8701
DO.1210,F,G12,CSDO-F-62,11/9/2012,12/19/2013,NA,Tail Suspension,2,0.934248,33.5821,56.4632,48.2552,32.9068
DO.1211,F,G12,CSDO-F-63,11/9/2012,12/19/2013,NA,Tail Suspension,2,3.1364,7.60745,14.2139,21.6212,26.6928
DO.1212,F,G12,CSDO-F-63,11/9/2012,12/19/2013,NA,Tail Suspension,1,1.73503,2.26889,2.73601,10.3752,5.2401
DO.1213,F,G12,CSDO-F-63,11/9/2012,12/19/2013,NA,Tail Suspension,2,8.67516,8.00784,20.42,24.122,48.2822
DO.1214,F,G12,CSDO-F-63,11/9/2012,12/19/2013,NA,Tail Suspension,1,13.5466,13.947,20.8871,21.2208,23.1957
DO.1215,F,G12,CSDO-F-63,11/9/2012,12/19/2013,NA,Tail Suspension,2,1.73503,15.2816,8.76569,23.8663,23.8233
DO.1216,F,G12,CSDO-F-64,11/9/2012,6/13/2013,NA,Tail Suspension,2,1.067734,2.73607,23.556891,13.239923,28.401731
DO.1217,F,G12,CSDO-F-64,11/9/2012,6/13/2013,NA,Tail Suspension,1,3.209878,19.346013,32.966292,20.714039,51.324658
DO.1218,F,G12,CSDO-F-64,11/9/2012,6/13/2013,NA,Tail Suspension,2,3.003001,4.270939,18.63864,35.975974,15.588918
DO.1219,F,G12,CSDO-F-64,11/9/2012,6/13/2013,NA,Tail Suspension,1,4.404404,8.808808,2.068732,34.594591,34.341008
DO.1220,F,G12,CSDO-F-64,11/9/2012,6/13/2013,NA,Tail Suspension,2,5.805803,10.14348,26.159487,32.232236,11.34468
DO.1221,F,G12,CSDO-F-65,11/9/2012,6/6/2013,NA,Tail Suspension,1,1.26794,16.4298,30.704,42.3157,14.1208
DO.1222,F,G12,CSDO-F-65,11/9/2012,6/6/2013,NA,Tail Suspension,1,9.88321,40.3003,27.4942,30.1902,28.6019
DO.1223,F,G12,CSDO-F-65,11/9/2012,6/6/2013,NA,Tail Suspension,1,4.47113,10.2102,13.0797,22.2222,33.1665
DO.1224,F,G12,CSDO-F-65,11/9/2012,6/6/2013,NA,Tail Suspension,1,2.002,6.87354,17.0837,10.3036,8.84885
DO.1225,F,G12,CSDO-F-65,11/9/2012,6/6/2013,NA,Tail Suspension,1,3.13647,6.87354,32.7661,29.4561,53.4268
DO.1226,F,G12,CSDO-F-66,11/9/2012,6/6/2013,NA,Tail Suspension,1,3.93727,25.8258,17.5042,42.1555,9.87653
DO.1227,F,G12,CSDO-F-66,11/9/2012,6/6/2013,NA,Tail Suspension,1,4.53786,27.374,26.9469,14.3743,14.9883
DO.1228,F,G12,CSDO-F-66,11/9/2012,6/6/2013,NA,Tail Suspension,1,NA,3.35002,15.4221,27.6343,45.352
DO.1229,F,G12,CSDO-F-66,11/9/2012,6/6/2013,NA,Tail Suspension,1,0.066734,2.46914,4.33767,9.63631,11.1178
DO.1230,F,G12,CSDO-F-66,11/9/2012,6/6/2013,NA,Tail Suspension,1,0.266935,5.07173,16.8368,25.6723,1.93526
DO.1236,F,G12,CSDO-F-68,11/9/2012,5/30/2013,NA,Tail Suspension,1,13.0797,4.2042,15.4822,9.67635,15.4154
DO.1237,F,G12,CSDO-F-68,11/9/2012,5/30/2013,NA,Tail Suspension,1,0.400404,13.627,18.7387,27.8278,33.4334
DO.1238,F,G12,CSDO-F-68,11/9/2012,5/30/2013,NA,Tail Suspension,1,2.00868,20.0801,18.6854,52.9463,33.4067
DO.1239,F,G12,CSDO-F-68,11/9/2012,5/30/2013,NA,Tail Suspension,1,5.53887,28.1081,25.699,30.1435,51.9853
DO.1240,F,G12,CSDO-F-68,11/9/2012,5/30/2013,NA,Tail Suspension,1,5.07174,20.4872,30.5839,58.7721,33.8338
DO.1241,F,G12,CSDO-F-69,11/9/2012,5/23/2013,NA,Tail Suspension,1,8.008,48.9823,19.039,33.0797,26.3597
DO.1242,F,G12,CSDO-F-69,11/9/2012,5/23/2013,NA,Tail Suspension,1,2.26894,10.6907,8.26159,37.5309,24.0641
DO.1243,F,G12,CSDO-F-69,11/9/2012,5/23/2013,NA,Tail Suspension,1,0.333666,1.53487,1.93527,24.4912,1.93527
DO.1244,F,G12,CSDO-F-69,11/9/2012,5/23/2013,NA,Tail Suspension,1,5.67902,16.343,41.9753,12.706,39.6129
DO.1245,F,G12,CSDO-F-69,11/9/2012,5/23/2013,NA,Tail Suspension,1,0.066733,10.2236,9.0624,24.0908,6.07274
DO.1246,F,G12,CSDO-F-70,11/9/2012,5/23/2013,NA,Tail Suspension,1,1.40807,20.2803,23.9573,14.6146,47.1805
DO.1247,F,G12,CSDO-F-70,11/9/2012,5/23/2013,NA,Tail Suspension,1,6.8068,4.88488,16.2229,25.4054,22.8896
DO.1248,F,G12,CSDO-F-70,11/9/2012,5/23/2013,NA,Tail Suspension,1,7.87454,3.60361,33.6536,18.3984,40.7741
DO.1249,F,G12,CSDO-F-70,11/9/2012,5/23/2013,NA,Tail Suspension,1,0.4004,5.47214,6.33967,17.8846,20.8876
DO.1250,F,G12,CSDO-F-70,11/9/2012,5/23/2013,NA,Tail Suspension,1,1.06773,23.8906,18.1515,12.0787,20.9543
DO.1251,F,G12,CSDO-F-71,11/9/2012,6/13/2013,NA,Tail Suspension,1,14.681353,33.78045,28.281618,33.299967,38.004673
DO.1252,F,G12,CSDO-F-71,11/9/2012,6/13/2013,NA,Tail Suspension,1,4.604606,44.577912,11.21121,45.33867,59.866532
DO.1253,F,G12,CSDO-F-71,11/9/2012,6/13/2013,NA,Tail Suspension,1,0.4004,22.756093,23.309979,48.788791,9.14915
DO.1254,F,G12,CSDO-F-71,11/9/2012,6/13/2013,NA,Tail Suspension,1,17.090425,35.175179,32.352349,33.700367,46.046047
DO.1256,F,G12,CSDO-F-72,11/9/2012,12/12/2013,NA,Tail Suspension,2,3.73699,23.9727,32.1728,41.7154,16.0507
DO.1257,F,G12,CSDO-F-72,11/9/2012,12/12/2013,NA,Tail Suspension,1,3.2778,35.8272,43.5093,41.7392,44.8518
DO.1258,F,G12,CSDO-F-72,11/9/2012,12/12/2013,NA,Tail Suspension,2,4.54571,17.4917,55.8626,27.8352,50.9244
DO.1259,F,G12,CSDO-F-72,11/9/2012,12/12/2013,NA,Tail Suspension,1,1.40137,26.1081,46.9205,46.6536,28.1959
DO.1260,F,G12,CSDO-F-72,11/9/2012,12/19/2013,NA,Tail Suspension,2,10.8852,12.1373,11.3444,26.9597,25.2914
DO.1261,M,G12,CSDO-M-61A,11/9/2012,6/6/2013,NA,Tail Suspension,1,1.93527,2.46913,4.20421,2.002,11.8785
DO.1262,M,G12,CSDO-M-61,11/9/2012,6/6/2013,NA,Tail Suspension,1,4.33767,17.017,14.9483,11.0777,26.4932
DO.1263,M,G12,CSDO-M-61B,11/9/2012,6/6/2013,NA,Tail Suspension,1,3.94394,44.6513,37.6243,50.7441,21.7951
DO.1264,M,G12,CSDO-M-61C,11/9/2012,6/6/2013,NA,Tail Suspension,1,0.867533,0.867535,5.27194,15.015,10.01
DO.1265,M,G12,CSDO-M-61A,11/9/2012,6/6/2013,NA,Tail Suspension,1,2.87621,7.68101,15.1552,28.1014,24.5312
DO.1266,M,G12,CSDO-M-62,11/9/2012,5/20/2013,NA,Tail Suspension,1,0.667333,2.8028,8.2082,2.66933,20.4872
DO.1267,M,G12,CSDO-M-62,11/9/2012,5/23/2013,NA,Tail Suspension,1,NA,1.13447,1.33467,8.8088,2.06874
DO.1268,M,G12,CSDO-M-62A,11/9/2012,5/23/2013,NA,Tail Suspension,1,0.073407,11.685,14.4678,19.8465,26.7334
DO.1269,M,G12,CSDO-M-62B,11/9/2012,5/23/2013,NA,Tail Suspension,1,0.800799,2.93627,2.46914,14.1475,6.94027
DO.1270,M,G12,CSDO-M-62C,11/9/2012,5/23/2013,NA,Tail Suspension,1,2.33567,5.07174,6.87354,4.73806,2.80281
DO.1271,M,G12,CSDO-M-63,11/9/2012,6/13/2013,NA,Tail Suspension,1,0.133466,7.22056,8.348346,25.231908,4.577902
DO.1272,M,G12,CSDO-M-63,11/9/2012,6/13/2013,NA,Tail Suspension,2,12.012018,32.379045,22.495833,34.374375,26.900233
DO.1273,M,G12,CSDO-M-63B,11/9/2012,6/13/2013,NA,Tail Suspension,1,3.403404,17.230562,21.608275,25.025022,13.680348
DO.1274,M,G12,CSDO-M-63,11/9/2012,6/13/2013,NA,Tail Suspension,2,12.612615,13.480143,27.847844,47.854516,37.410752
DO.1275,M,G12,CSDO-M-63A,11/9/2012,6/13/2013,NA,Tail Suspension,1,1.334665,7.807804,17.35069,19.979967,38.178187
DO.1276,M,G12,CSDO-M-64,11/9/2012,12/19/2013,NA,Tail Suspension,1,1.26791,25.2914,20.6202,2.86948,24.9578
DO.1277,M,G12,CSDO-M-64,11/9/2012,12/19/2013,NA,Tail Suspension,2,3.1364,16.8991,20.1372,19.9179,25.4996
DO.1279,M,G12,CSDO-M-64,11/9/2012,12/19/2013,NA,Tail Suspension,1,5.74688,19.0107,12.3025,32.6749,44.3497
DO.1282,M,G12,CSDO-M-65,11/9/2012,12/19/2013,NA,Tail Suspension,2,17.9509,20.6361,27.1011,5.94708,22.8303
DO.1283,M,G12,CSDO-M-65A,11/9/2012,12/19/2013,NA,Tail Suspension,1,1.33464,52.3846,22.2456,49.9585,19.419
DO.1284,M,G12,CSDO-M-65,11/9/2012,12/19/2013,NA,Tail Suspension,1,2.86948,9.55854,14.3982,13.4131,31.2035
DO.1285,M,G12,CSDO-M-65,11/9/2012,12/19/2013,NA,Tail Suspension,2,5.67222,19.1679,26.5435,35.2662,49.2561
DO.1287,M,G12,CSDO-M-66,11/9/2012,6/13/2013,NA,Tail Suspension,1,3.136471,8.808803,25.512174,24.764776,40.347006
DO.1288,M,G12,CSDO-M-66,11/9/2012,6/13/2013,NA,Tail Suspension,2,12.212215,21.167841,36.042712,41.84852,33.27327
DO.1289,M,G12,CSDO-M-66,11/9/2012,6/13/2013,216,Tail Suspension,1,3.336664,8.208232,25.845848,23.069748,31.731737
DO.1290,M,G12,CSDO-M-66A,11/9/2012,6/13/2013,216,Tail Suspension,1,1.001001,3.470136,1.601599,20.353684,26.826824
DO.1291,M,G12,CSDO-M-67D,11/9/2012,12/12/2013,NA,Tail Suspension,1,25.4249,28.628,43.8,47.1207,45.2793
DO.1292,M,G12,CSDO-M-67A,11/9/2012,12/12/2013,NA,Tail Suspension,2,3.60353,26.8263,30.6967,22.9875,51.0579
DO.1293,M,G12,CSDO-M-67B,11/9/2012,12/12/2013,NA,Tail Suspension,1,2.94414,6.86546,45.4016,31.2385,27.7288
DO.1294,M,G12,CSDO-M-67,11/9/2012,12/12/2013,NA,Tail Suspension,1,0.133464,0.533856,4.8047,14.4808,19.2188
DO.1295,M,G12,CSDO-M-67C,11/9/2012,12/12/2013,NA,Tail Suspension,2,0.066732,1.73503,3.5368,0.400392,3.80372
DO.1296,M,G12,CSDO-M-68A,11/9/2012,5/30/2013,NA,Tail Suspension,1,1.06773,25.0918,7.87454,2.6026,0.400402
DO.1297,M,G12,CSDO-M-68,11/9/2012,5/30/2013,NA,Tail Suspension,1,1.54154,13.8872,34.5078,35.5756,39.0123
DO.1298,M,G12,CSDO-M-68,11/9/2012,5/30/2013,NA,Tail Suspension,1,1.66833,19.3527,28.8288,52.6126,46.6867
DO.1299,M,G12,CSDO-M-68B,11/9/2012,5/30/2013,NA,Tail Suspension,1,18.3517,30.5105,59.6663,59.2659,43.0831
DO.1300,M,G12,CSDO-M-68,11/9/2012,5/30/2013,NA,Tail Suspension,1,13.5536,28.1548,24.6246,26.293,42.309
DO.1301,M,G12,CSDO-M-69B,11/9/2012,5/23/2013,NA,Tail Suspension,1,0.133467,0.400401,2.4024,5.8058,7.07374
DO.1303,M,G12,CSDO-M-69,11/9/2012,5/23/2013,NA,Tail Suspension,1,0.133466,3.2032,13.1465,13.6403,21.2613
DO.1305,M,G12,CSDO-M-69C,11/9/2012,5/23/2013,NA,Tail Suspension,1,1.6016,25.9059,29.7498,43.9373,41.2813
DO.1306,M,G12,CSDO-M-70,11/9/2012,5/30/2013,NA,Tail Suspension,1,9.34934,29.356,37.7911,33.707,37.0103
DO.1307,M,G12,CSDO-M-70,11/9/2012,5/30/2013,NA,Tail Suspension,1,14.5479,19.5662,36.2429,50.2302,33.8338
DO.1308,M,G12,CSDO-M-70,11/9/2012,5/30/2013,NA,Tail Suspension,1,1.13447,NA,4.93827,2.13547,5.67234
DO.1309,M,G12,CSDO-M-70,11/9/2012,5/30/2013,NA,Tail Suspension,1,4.74474,13.5402,14.4344,53.4601,26.3997
DO.1310,M,G12,CSDO-M-70,11/9/2012,5/30/2013,NA,Tail Suspension,1,0.8008,0.333668,5.93928,2.2022,44.9116
DO.1311,M,G12,CSDO-M-71A,11/9/2012,12/12/2013,NA,Tail Suspension,1,9.67614,17.0993,23.0305,19.8941,30.8652
DO.1312,M,G12,CSDO-M-71C,11/9/2012,12/12/2013,NA,Tail Suspension,2,0.800784,7.40725,12.169,8.91829,10.7439
DO.1313,M,G12,CSDO-M-71D,11/9/2012,12/12/2013,NA,Tail Suspension,1,0.66732,9.29161,28.4787,32.33,41.1148
DO.1314,M,G12,CSDO-M-71,11/9/2012,12/12/2013,NA,Tail Suspension,2,1.80176,5.53876,26.6499,33.142,4.40431
DO.1315,M,G12,CSDO-M-71B,11/9/2012,12/12/2013,NA,Tail Suspension,1,9.14228,12.6791,46.2023,22.0645,51.0896
DO.1316,M,G12,CSDO-M-72B,11/9/2012,6/6/2013,NA,Tail Suspension,1,19.8866,29.5762,36.3564,47.2739,52.9596
DO.1317,M,G12,CSDO-M-72,11/9/2012,5/31/2013,NA,Tail Suspension,1,2.86954,6.2062,15.0818,15.6156,11.8118
DO.1318,M,G12,CSDO-M-72A,11/9/2012,6/6/2013,NA,Tail Suspension,1,2.26894,7.60761,27.4474,29.6763,39.7731
DO.1319,M,G12,CSDO-M-72,11/9/2012,6/6/2013,NA,Tail Suspension,1,2.66934,3.26992,20.1735,16.8635,29.2292
DO.1320,M,G12,CSDO-M-72C,11/9/2012,6/6/2013,NA,Tail Suspension,1,0.800804,10.2769,8.74208,32.5259,54.361
