Mouse.ID,Sex,Generation,penName,DOB,Exp.Date,Age.at.Exp.Date,Test.Name,BMD,BMC,X..Fat,TTM,Total.Lean,VTB.ROI.BMD,VTB.ROI.BMC,VTB.ROI...Fat,VTB.ROI.TTM,VTB.ROI.Lean,BW
DO.0661,F,G8,CSDO-F-13,10/24/2011,11/10/2012,383,Pixi 52wks,0.0532,0.48,23.5,27.7,21.2,0.0725,0.014,10.9,0.3,0.3,27.95
DO.0663,F,G8,CSDO-F-13,10/25/2011,4/26/2013,549,Pixi 78wks,0.0568,0.6119,43.62,55.85,31.5,0.096,0.0183,24.93,0.4,0.3,54.98
DO.0664,F,G8,CSDO-F-13,10/23/2011,4/26/2013,551,Pixi 78wks,0.0602,0.718,9.92,34.79,31.3,0.0969,0.0185,5.36,0.34,0.3,36.66
DO.0666,F,G8,CSDO-F-14,10/27/2011,11/9/2012,379,Pixi 52wks,0.0515,0.475,23.7,27.5,21,0.0562,0.01,11.1,0.3,0.3,27.95
DO.0667,F,G8,CSDO-F-14,10/24/2011,5/3/2013,557,Pixi 78wks,0.0504,0.4995,45.41,39.11,21.4,0.0449,0.0084,27.9,0.36,0.3,38.31
DO.0669,F,G8,CSDO-F-14,10/26/2011,5/3/2013,555,Pixi 78wks,0.0465,0.3884,28.81,26.65,19,0.0639,0.0119,17.37,0.31,0.3,26.82
DO.0671,F,G8,CSDO-F-15,10/24/2011,5/3/2013,557,Pixi 78wks,0.0551,0.6061,20.67,34.28,27.2,0.0781,0.0146,10.55,0.34,0.3,34.23
DO.0672,F,G8,CSDO-F-15,10/23/2011,11/10/2012,384,Pixi 52wks,0.0616,0.606,37.2,37.68,23.7,0.0902,0.017,18.1,0.4,0.3,36.15
DO.0673,F,G8,CSDO-F-15,10/24/2011,5/3/2013,557,Pixi 78wks,0.049,0.4987,10.08,24.69,22.2,0.0667,0.0124,2.66,0.32,0.3,25.85
DO.0674,F,G8,CSDO-F-15,10/22/2011,11/10/2012,385,Pixi 52wks,0.0575,0.511,28.8,34.37,24.5,0.077,0.014,16.5,0.4,0.3,29.78
DO.0675,F,G8,CSDO-F-15,10/22/2011,11/10/2012,385,Pixi 52wks,0.0548,0.541,25.6,30.09,22.4,0.0715,0.013,15.4,0.4,0.3,33.56
DO.0676,F,G8,CSDO-F-16,10/22/2011,11/21/2012,396,Pixi 52wks,0.0525,0.5195,39.19,30.96,18.8,0.0855,0.016,25.22,0.33,0.2,30.65
DO.0677,F,G8,CSDO-F-16,10/23/2011,11/21/2012,395,Pixi 52wks,0.0473,0.3836,30.27,29.83,20.8,0.0666,0.0124,16.36,0.33,0.3,29.68
DO.0678,F,G8,CSDO-F-16,10/25/2011,11/10/2012,382,Pixi 52wks,0.0523,0.47,28.2,34.24,24.6,0.0495,0.01,10.3,0.4,0.3,33.52
DO.0679,F,G8,CSDO-F-16,10/22/2011,11/21/2012,396,Pixi 52wks,0.0548,0.526,20.04,30.53,24.4,0.0922,0.0172,11.87,0.31,0.3,31.02
DO.0680,F,G8,CSDO-F-16,10/25/2011,11/21/2012,393,Pixi 52wks,0.0604,0.585,28.14,33.78,24.3,0.0839,0.0157,15.87,0.34,0.3,34.56
DO.0682,F,G8,CSDO-F-17,10/24/2011,11/10/2012,383,Pixi 52wks,0.0503,0.452,16.8,22.07,18.4,0.0705,0.013,7.2,0.3,0.3,21.7
DO.0683,F,G8,CSDO-F-17,10/23/2011,4/26/2013,551,Pixi 78wks,0.0637,0.6818,24.61,38.93,29.3,0.0842,0.0157,10.33,0.38,0.3,38.85
DO.0684,F,G8,CSDO-F-17,10/23/2011,4/26/2013,551,Pixi 78wks,0.0556,0.6442,43.55,44.77,25.3,0.0511,0.0095,30.72,0.38,0.3,44.04
DO.0685,F,G8,CSDO-F-17,10/24/2011,4/26/2013,550,Pixi 78wks,0.0457,0.4414,11.73,20.53,18.1,0.0642,0.0122,2.73,0.28,0.3,21.19
DO.0686,F,G8,CSDO-F-18,10/22/2011,11/10/2012,385,Pixi 52wks,0.0526,0.544,45.5,47.28,25.8,0.0837,0.016,27.6,0.4,0.3,45.07
DO.0688,F,G8,CSDO-F-18,10/22/2011,11/21/2012,396,Pixi 52wks,0.0493,0.4487,26.15,26.89,19.9,0.0772,0.0144,13.1,0.33,0.3,27.13
DO.0690,F,G8,CSDO-F-18,10/25/2011,11/21/2012,393,Pixi 52wks,0.0543,0.4912,34.32,34.58,22.7,0.0782,0.0146,23.45,0.34,0.3,34.48
DO.0691,F,G8,CSDO-F-19,10/25/2011,11/10/2012,382,Pixi 52wks,0.0585,0.528,30.9,33.04,22.8,0.1027,0.02,13.8,0.4,0.3,33.01
DO.0692,F,G8,CSDO-F-19,10/22/2011,5/10/2013,566,Pixi 78wks,0.068,0.708,43.64,56.87,32.1,0.0947,0.0177,27.88,0.41,0.3,55.45
DO.0693,F,G8,CSDO-F-19,10/25/2011,5/10/2013,563,Pixi 78wks,0.0564,0.4682,39.48,39.09,23.7,0.0675,0.0126,22.39,0.39,0.3,38.12
DO.0694,F,G8,CSDO-F-19,10/27/2011,5/10/2013,561,Pixi 78wks,0.0743,0.8137,24.52,54.31,41,0.1031,0.0192,16.78,0.39,0.3,52.51
DO.0695,F,G8,CSDO-F-19,10/23/2011,5/10/2013,565,Pixi 78wks,0.052,0.4675,22.2,28.49,22.2,0.0513,0.0096,15.48,0.32,0.3,28.64
DO.0696,F,G8,CSDO-F-20,10/26/2011,11/21/2012,392,Pixi 52wks,0.0592,0.6339,20.07,30.57,24.4,0.0841,0.0157,10.65,0.32,0.3,31.81
DO.0698,F,G8,CSDO-F-20,10/27/2011,11/21/2012,391,Pixi 52wks,0.0528,0.5479,15.62,32.99,27.8,0.0729,0.0136,6.71,0.34,0.3,33.46
DO.0700,F,G8,CSDO-F-20,10/23/2011,11/21/2012,395,Pixi 52wks,0.0558,0.5687,24.86,35.79,26.9,0.0852,0.0158,12.64,0.34,0.3,36.22
DO.0701,F,G8,CSDO-F-21,10/26/2011,5/10/2013,562,Pixi 78wks,0.0535,0.549,27.93,37.76,27.2,0.0747,0.0139,18.33,0.33,0.3,37.74
DO.0702,F,G8,CSDO-F-21,10/23/2011,5/10/2013,565,Pixi 78wks,0.0594,0.7349,49.37,48.85,24.7,0.0813,0.0152,34.08,0.36,0.2,47.86
DO.0703,F,G8,CSDO-F-21,10/27/2011,5/10/2013,561,Pixi 78wks,0.0572,0.52,40.23,37.48,22.4,0.0618,0.0115,27.84,0.38,0.3,36.15
DO.0704,F,G8,CSDO-F-21,10/24/2011,11/9/2012,382,Pixi 52wks,0.0551,0.486,29.7,30.7,21.6,0.0725,0.014,14.3,0.4,0.3,30.43
DO.0706,F,G8,CSDO-F-22,10/24/2011,5/3/2013,557,Pixi 78wks,0.048,0.4372,33.72,31.54,20.9,0.19,1.2904,16.25,0.33,0.3,31.27
DO.0707,F,G8,CSDO-F-22,10/26/2011,5/3/2013,555,Pixi 78wks,0.0567,0.5851,36.28,46.98,29.9,0.0819,0.0155,24.64,0.37,0.3,45.82
DO.0708,F,G8,CSDO-F-22,10/23/2011,11/9/2012,383,Pixi 52wks,0.0543,0.532,38.6,34.4,21.1,0.0846,0.016,30.4,0.4,0.2,33.92
DO.0709,F,G8,CSDO-F-22,10/25/2011,5/3/2013,556,Pixi 78wks,0.0536,0.5653,49.99,57.94,29,0.058,0.0108,32.22,0.42,0.3,55.76
DO.0710,F,G8,CSDO-F-22,10/22/2011,5/3/2013,559,Pixi 78wks,0.0599,0.5943,38.84,41.59,25.4,0.0745,0.0141,25.9,0.39,0.3,40.56
DO.0711,F,G8,CSDO-F-23,10/27/2011,11/10/2012,380,Pixi 52wks,0.0521,0.441,35,31.44,20.4,0.0814,0.014,16.3,0.3,0.3,30.17
DO.0712,F,G8,CSDO-F-23,10/22/2011,4/26/2013,552,Pixi 78wks,0.0575,0.5254,43.79,47.06,26.5,0.0735,0.0137,29.49,0.37,0.3,46.59
DO.0713,F,G8,CSDO-F-23,10/24/2011,4/26/2013,550,Pixi 78wks,0.0539,0.4778,19.15,24.38,19.7,0.0639,0.0112,9.58,0.29,0.3,24.77
DO.0714,F,G8,CSDO-F-23,10/27/2011,4/26/2013,547,Pixi 78wks,0.0589,0.5394,25.87,32.33,24,0.1076,0.0201,11.67,0.3,0.3,32.72
DO.0715,F,G8,CSDO-F-23,10/25/2011,4/26/2013,549,Pixi 78wks,0.0521,0.6388,55.22,51.45,23,0.0535,0.01,40.36,0.37,0.2,50.62
DO.0716,F,G8,CSDO-F-24,10/25/2011,11/10/2012,382,Pixi 52wks,0.0609,0.728,45,46.46,25.6,0.1057,0.02,26.4,0.4,0.3,44.93
DO.0717,F,G8,CSDO-F-24,10/22/2011,11/21/2012,396,Pixi 52wks,0.0603,0.6665,36.94,37.62,23.7,0.0914,0.0171,31.1,0.34,0.2,37.49
DO.0718,F,G8,CSDO-F-24,10/25/2011,11/21/2012,393,Pixi 52wks,0.0482,0.4534,37.56,35.43,22.1,0.0702,0.0109,27.1,0.27,0.2,35.12
DO.0719,F,G8,CSDO-F-24,10/23/2011,11/21/2012,395,Pixi 52wks,0.0569,0.5662,44.47,43.51,24.2,0.0659,0.0123,28.57,0.36,0.3,42.89
DO.0721,F,G9,CSDO-F-25,2/21/2012,2/22/2013,367,Pixi 52wks,0.0537,0.723,53.9,40.42,18.6,0.0822,0.016,44.9,0.35,0.2,40.89
DO.0722,F,G9,CSDO-F-25,2/22/2012,2/22/2013,366,Pixi 52wks,0.0418,0.406,13.8,26.45,22.8,0.06,0.012,6.2,0.34,0.3,26.7
DO.0723,F,G9,CSDO-F-25,2/19/2012,2/22/2013,369,Pixi 52wks,0.0575,0.558,13.9,24.54,21.1,0.0784,0.015,8.3,0.34,0.3,25.35
DO.0725,F,G9,CSDO-F-25,2/21/2012,2/22/2013,367,Pixi 52wks,0.0613,0.567,32.8,36.93,24.8,0.1092,0.02,18.8,0.34,0.3,36.93
DO.0726,F,G9,CSDO-F-26,2/19/2012,3/8/2013,383,Pixi 52wks,0.0568,0.577,45.35,51.38,28.1,0.06,0.0111,30.86,0.4,0.3,50.27
DO.0727,F,G9,CSDO-F-26,2/20/2012,3/8/2013,382,Pixi 52wks,0.0533,0.5114,40.46,35.58,21.2,0.0699,0.0132,30.13,0.34,0.2,35.53
DO.0728,F,G9,CSDO-F-26,2/20/2012,3/8/2013,382,Pixi 52wks,0.0542,0.5534,11.42,22.12,19.6,0.0892,0.0167,0.81,0.29,0.3,23.09
DO.0729,F,G9,CSDO-F-26,2/22/2012,3/8/2013,380,Pixi 52wks,0.0611,0.5413,30.49,32.97,22.9,0.0839,0.0157,21.61,0.39,0.3,30.75
DO.0730,F,G9,CSDO-F-26,2/20/2012,3/8/2013,382,Pixi 52wks,0.0551,0.5444,14.44,28.23,24.2,0.0804,0.015,6.3,0.33,0.3,28.83
DO.0731,F,G9,CSDO-F-27,2/20/2012,2/22/2013,368,Pixi 52wks,0.0596,0.568,24.8,30.27,22.8,0.1105,0.021,16.7,0.33,0.3,30.81
DO.0732,F,G9,CSDO-F-27,2/20/2012,2/22/2013,368,Pixi 52wks,0.0532,0.385,32.1,23.69,16.1,0.0709,0.014,22.4,0.31,0.2,23.3
DO.0735,F,G9,CSDO-F-27,2/22/2012,2/22/2013,366,Pixi 52wks,0.0611,0.565,24,27.56,20.9,0.1004,0.019,17,0.33,0.3,28.15
DO.0736,F,G9,CSDO-F-28,2/23/2012,3/8/2013,379,Pixi 52wks,0.0529,0.4406,27.37,24.45,17.8,0.0775,0.0145,9.72,0.32,0.3,24.68
DO.0737,F,G9,CSDO-F-28,2/21/2012,3/8/2013,381,Pixi 52wks,0.0558,0.5249,15.09,28.07,23.8,0.0882,0.0168,9.03,0.33,0.3,27.83
DO.0738,F,G9,CSDO-F-28,2/22/2012,3/8/2013,380,Pixi 52wks,0.0584,0.5391,32.39,37.03,25,0.0739,0.013,21.98,0.32,0.3,35.21
DO.0739,F,G9,CSDO-F-28,2/21/2012,3/8/2013,381,Pixi 52wks,0.0504,0.4311,34.05,30.03,19.8,0.061,0.0114,21.68,0.33,0.3,29.56
DO.0740,F,G9,CSDO-F-28,2/21/2012,3/8/2013,381,Pixi 52wks,0.0533,0.708,49.56,34.32,17.3,0.0742,0.0139,39.03,0.34,0.2,34.13
DO.0741,F,G9,CSDO-F-29,2/22/2012,8/30/2013,555,Pixi 78wks,0.0554,0.4663,32.4,28.57,19.3,0.0845,0.0162,18.91,0.32,0.3,28.12
DO.0742,F,G9,CSDO-F-29,2/20/2012,8/30/2013,557,Pixi 78wks,0.0508,0.4947,26.71,32.34,23.7,0.0568,0.0114,15.83,0.39,0.3,32.43
DO.0743,F,G9,CSDO-F-29,2/22/2012,8/30/2013,555,Pixi 78wks,0.0482,0.5009,13.24,27.67,24,0.0574,0.011,3.59,0.34,0.3,28.62
DO.0744,F,G9,CSDO-F-29,2/19/2012,8/30/2013,558,Pixi 78wks,0.0368,0.3279,8.51,22.41,20.5,0.0435,0.0085,1.61,0.32,0.3,22.65
DO.0745,F,G9,CSDO-F-29,2/19/2012,8/30/2013,558,Pixi 78wks,0.0529,0.4699,27.87,26.56,19.2,0.0787,0.0145,17.15,0.33,0.3,26.37
DO.0746,F,G9,CSDO-F-30,2/20/2012,3/1/2013,375,Pixi 52wks,0.0549,0.5458,25.97,32.11,23.8,0.1031,0.0193,10.59,0.31,0.3,31.95
DO.0747,F,G9,CSDO-F-30,2/22/2012,3/1/2013,373,Pixi 52wks,0.0529,0.5118,28.5,38.45,27.5,0.045,0.0081,17.04,0.38,0.3,35.76
DO.0748,F,G9,CSDO-F-30,2/22/2012,3/1/2013,373,Pixi 52wks,0.0573,0.5372,21.64,28.08,22,0.0718,0.0137,11.05,0.36,0.3,28.15
DO.0750,F,G9,CSDO-F-30,2/22/2012,3/1/2013,373,Pixi 52wks,0.0651,0.6812,17.47,29.9,24.7,0.122,0.0228,7.94,0.33,0.3,30.7
DO.0752,F,G9,CSDO-F-31,2/19/2012,8/23/2013,551,Pixi 78wks,0.0476,0.3391,38.77,36.4,22.3,0.0322,0.0055,8.42,0.41,0.4,36.01
DO.0753,F,G9,CSDO-F-31,2/20/2012,8/23/2013,550,Pixi 78wks,0.0586,0.6362,13.28,45.04,39.1,0.0766,0.0175,5.83,0.47,0.4,44.27
DO.0754,F,G9,CSDO-F-31,2/19/2012,8/23/2013,551,Pixi 78wks,0.0537,0.551,41.44,38.84,22.7,0.0799,0.0185,28.78,0.43,0.3,38.53
DO.0755,F,G9,CSDO-F-31,2/19/2012,8/23/2013,551,Pixi 78wks,0.0556,0.5247,22.54,30.06,23.3,0.0749,0.0144,11.18,0.35,0.3,30.71
DO.0756,F,G9,CSDO-F-32,2/22/2012,3/1/2013,373,Pixi 52wks,0.0546,0.5742,36.86,36.94,23.3,0.0721,0.0133,25.13,0.32,0.2,36.97
DO.0757,F,G9,CSDO-F-32,2/18/2012,3/1/2013,377,Pixi 52wks,0.0588,0.6138,17.89,21.73,17.8,0.1041,0.0183,10.56,0.31,0.3,22.51
DO.0758,F,G9,CSDO-F-32,2/19/2012,3/1/2013,376,Pixi 52wks,0.0521,0.4407,11.72,18.72,16.5,0.0764,0.0143,1.76,0.28,0.3,19.63
DO.0759,F,G9,CSDO-F-32,2/20/2012,3/1/2013,375,Pixi 52wks,0.0523,0.4986,43.24,36.27,20.6,0.0814,0.0152,34.01,0.34,0.2,35.8
DO.0760,F,G9,CSDO-F-32,2/20/2012,3/1/2013,375,Pixi 52wks,0.057,0.6062,18.28,26.97,22,0.0852,0.0159,8.39,0.3,0.3,27.81
DO.0762,F,G9,CSDO-F-33,2/18/2012,8/30/2013,559,Pixi 78wks,0.0412,0.3613,7.28,20.8,19.3,0.051,0.0102,0.37,0.38,0.4,21.51
DO.0763,F,G9,CSDO-F-33,2/19/2012,8/30/2013,558,Pixi 78wks,0.0572,0.584,25.13,32.38,24.2,0.072,0.014,14.98,0.35,0.3,32.68
DO.0765,F,G9,CSDO-F-33,2/18/2012,8/30/2013,559,Pixi 78wks,0.0606,0.718,49.18,55.92,28.4,0.0825,0.0161,34.35,0.41,0.3,55.93
DO.0766,F,G9,CSDO-F-34,2/22/2012,9/6/2013,562,Pixi 78wks,0.0389,0.2786,15.66,22.04,18.6,0.0378,0.0071,6.59,0.31,0.3,22.15
DO.0767,F,G9,CSDO-F-34,2/21/2012,9/6/2013,563,Pixi 78wks,0.05,0.4971,42.26,42.67,24.6,0.0535,0.0099,31.82,0.39,0.3,42.48
DO.0768,F,G9,CSDO-F-34,2/20/2012,9/6/2013,564,Pixi 78wks,0.0538,0.5276,37.22,33.43,21,0.0578,0.0108,24.12,0.33,0.2,33.72
DO.0769,F,G9,CSDO-F-34,2/22/2012,9/6/2013,562,Pixi 78wks,0.0499,0.4851,38.88,45.02,27.5,0.0509,0.0095,24.61,0.37,0.3,44.81
DO.0770,F,G9,CSDO-F-34,2/20/2012,9/6/2013,564,Pixi 78wks,0.0494,0.4653,13.59,27.1,23.4,0.0827,0.0155,6.34,0.33,0.3,27.09
DO.0771,F,G9,CSDO-F-35,2/19/2012,3/1/2013,376,Pixi 52wks,0.0569,0.5533,41.58,40.85,23.9,0.0889,0.0166,29.7,0.35,0.2,40.06
DO.0772,F,G9,CSDO-F-35,2/19/2012,3/1/2013,376,Pixi 52wks,0.0633,0.602,34.59,36.28,23.7,0.0911,0.017,22.74,0.36,0.3,36.09
DO.0773,F,G9,CSDO-F-35,2/19/2012,3/1/2013,376,Pixi 52wks,0.0526,0.6099,56.96,48.34,20.8,0.0741,0.0138,47.31,0.37,0.2,46.86
DO.0774,F,G9,CSDO-F-35,2/21/2012,3/1/2013,374,Pixi 52wks,0.0572,0.5411,46.73,48.49,25.8,0.085,0.0161,33.51,0.38,0.3,48.05
DO.0775,F,G9,CSDO-F-35,2/18/2012,3/1/2013,377,Pixi 52wks,0.0492,0.4336,37.96,33.18,20.6,0.0555,0.0106,27.82,0.34,0.2,32.96
DO.0776,F,G9,CSDO-F-36,2/23/2012,8/23/2013,547,Pixi 78wks,0.0614,0.5885,47.01,62.14,32.9,0.0764,0.0148,24.82,0.43,0.3,60.04
DO.0777,F,G9,CSDO-F-36,2/20/2012,8/23/2013,550,Pixi 78wks,0.0549,0.5901,20.1,34.98,27.9,0.0825,0.0161,6.27,0.39,0.4,35.14
DO.0779,F,G9,CSDO-F-36,2/22/2012,8/23/2013,548,Pixi 78wks,0.0474,0.4391,19.22,33.18,26.8,0.0519,0.0101,7.65,0.36,0.3,33.75
DO.0780,F,G9,CSDO-F-36,2/22/2012,8/23/2013,548,Pixi 78wks,0.0534,0.5083,37.03,35.55,22.4,0.0785,0.0153,24.19,0.36,0.3,35.68
DO.0781,F,G10,CSDO-F-37,5/18/2012,11/15/2013,546,Pixi 78wks,0.0592,0.6123,15.82,26.54,22.3,0.1039,0.0194,9.38,0.35,0.3,27.2
DO.0782,F,G10,CSDO-F-37,5/17/2012,11/15/2013,547,Pixi 78wks,0.0509,0.4658,30.61,29.47,20.5,0.0666,0.0124,22,0.35,0.3,29
DO.0783,F,G10,CSDO-F-37,5/16/2012,11/15/2013,548,Pixi 78wks,0.0412,0.448,22.18,37.69,29.3,0.0443,0.0084,5.37,0.35,0.3,38.5
DO.0784,F,G10,CSDO-F-37,5/15/2012,11/15/2013,549,Pixi 78wks,0.048,0.4571,25.86,28.54,21.2,0.0538,0.01,13.68,0.39,0.3,27.7
DO.0785,F,G10,CSDO-F-37,5/15/2012,11/15/2013,549,Pixi 78wks,0.0502,0.4291,35.67,40.68,26.2,0.0598,0.0112,15.38,0.37,0.3,39.9
DO.0786,F,G10,CSDO-F-38,5/12/2012,12/7/2012,209,Pixi 26wks,0.0584,0.7161,41.44,40.27,23.6,0.0786,0.0145,29.82,0.35,0.2,40.62
DO.0787,F,G10,CSDO-F-38,5/15/2012,12/7/2012,206,Pixi 26wks,0.0477,0.4026,8.93,19.05,17.4,0.065,0.0121,0.93,0.32,0.3,19.02
DO.0788,F,G10,CSDO-F-38,5/16/2012,12/7/2012,205,Pixi 26wks,0.0561,0.5183,26.41,29.75,21.9,0.1089,0.0203,13.95,0.34,0.3,30.03
DO.0789,F,G10,CSDO-F-38,5/14/2012,12/7/2012,207,Pixi 26wks,0.053,0.4859,33.97,32.64,21.6,0.0861,0.0161,20.45,0.35,0.3,31.52
DO.0790,F,G10,CSDO-F-38,5/15/2012,12/7/2012,206,Pixi 26wks,0.053,0.4367,52.81,51.39,24.3,0.0773,0.0144,35.76,0.42,0.3,48.36
DO.0791,F,G10,CSDO-F-39,5/15/2012,11/26/2013,560,Pixi 78wks,0.0638,0.793,50.7,34.85,17.2,0.1029,0.0192,43.89,0.38,0.2,34.6
DO.0792,F,G10,CSDO-F-39,5/12/2012,11/26/2013,563,Pixi 78wks,0.0496,0.4588,34.64,35.04,22.9,0.054,0.0099,26.19,0.37,0.3,34.1
DO.0793,F,G10,CSDO-F-39,5/15/2012,11/26/2013,560,Pixi 78wks,0.0527,0.492,38.8,37.47,22.9,0.0597,0.0112,27.34,0.34,0.2,36.9
DO.0794,F,G10,CSDO-F-39,5/17/2012,11/26/2013,558,Pixi 78wks,0.0477,0.5061,14.11,27.78,23.9,0.0755,0.0141,7.87,0.32,0.3,28.4
DO.0795,F,G10,CSDO-F-39,5/16/2012,11/26/2013,559,Pixi 78wks,0.0605,0.5883,21.89,24.46,19.1,0.1032,0.0193,13.44,0.32,0.3,25.1
DO.0796,F,G10,CSDO-F-40,5/15/2012,6/21/2013,402,Pixi 52wks,0.0571,0.5215,24.01,28.68,21.8,0.09,0.0168,8.96,0.35,0.3,28.2
DO.0797,F,G10,CSDO-F-40,5/16/2012,6/21/2013,401,Pixi 52wks,0.0592,0.5899,25.62,35.9,26.7,0.0809,0.0154,16.12,0.42,0.3,26.4
DO.0798,F,G10,CSDO-F-40,5/16/2012,6/21/2013,401,Pixi 52wks,0.0607,0.5953,38.42,42.69,26.3,0.0736,0.0137,25.41,0.37,0.3,37.9
DO.0799,F,G10,CSDO-F-40,5/17/2012,6/21/2013,400,Pixi 52wks,0.0617,0.6958,9.52,36.61,33.1,0.0869,0.0162,4.43,0.35,0.3,27.6
DO.0800,F,G10,CSDO-F-40,5/12/2012,6/21/2013,405,Pixi 52wks,0.054,0.5163,29.47,38.18,26.9,0.0522,0.0097,14.46,0.4,0.3,31.1
DO.0801,F,G10,CSDO-F-41,5/15/2012,12/14/2012,213,Pixi 26wks,0.0526,0.5523,28.65,28.42,20.3,0.0689,0.0123,19.55,0.36,0.3,28.26
DO.0802,F,G10,CSDO-F-41,5/15/2012,12/14/2012,213,Pixi 26wks,0.0503,0.4048,28.52,27.62,19.7,0.0806,0.0151,14.71,0.32,0.3,28.05
DO.0803,F,G10,CSDO-F-41,5/16/2012,12/14/2012,212,Pixi 26wks,0.0484,0.4226,29.4,28.77,20.3,0.0587,0.011,16.5,0.35,0.3,28.17
DO.0804,F,G10,CSDO-F-41,5/17/2012,12/14/2012,211,Pixi 26wks,0.0477,0.4627,12.54,23.2,20.3,0.0767,0.0143,6.85,0.31,0.3,23.54
DO.0805,F,G10,CSDO-F-41,5/13/2012,12/14/2012,215,Pixi 26wks,0.054,0.5727,33.82,32.41,21.4,0.0857,0.016,25.6,0.33,0.2,31.44
DO.0806,F,G10,CSDO-F-42,5/14/2012,12/7/2012,207,Pixi 26wks,0.055,0.5148,33.75,36.53,24.2,0.0785,0.0147,24.25,0.35,0.3,35.76
DO.0807,F,G10,CSDO-F-42,5/16/2012,12/7/2012,205,Pixi 26wks,0.0576,0.5292,26.81,28.96,21.2,0.0863,0.0159,17.12,0.32,0.3,29.05
DO.0808,F,G10,CSDO-F-42,5/15/2012,12/7/2012,206,Pixi 26wks,0.0558,0.5211,31,38.48,26.6,0.0785,0.0147,23.77,0.38,0.3,38.12
DO.0809,F,G10,CSDO-F-42,5/15/2012,12/7/2012,206,Pixi 26wks,0.0525,0.451,14.56,26.31,22.5,0.076,0.0142,5.5,0.31,0.3,26.39
DO.0811,F,G10,CSDO-F-43,5/16/2012,11/15/2013,548,Pixi 78wks,0.0506,0.4696,41.47,43.2,25.3,0.0646,0.0121,25.78,0.38,0.3,41.9
DO.0812,F,G10,CSDO-F-43,5/13/2012,11/15/2013,551,Pixi 78wks,0.0571,0.608,48.27,53.78,27.8,0.0864,0.0164,35.27,0.42,0.3,50.9
DO.0813,F,G10,CSDO-F-43,5/17/2012,11/15/2013,547,Pixi 78wks,0.0556,0.6647,55.11,51.76,23.2,0.105,0.0201,48.04,0.44,0.2,48.7
DO.0814,F,G10,CSDO-F-43,5/17/2012,11/15/2013,547,Pixi 78wks,0.0489,0.4272,41.9,35.07,20.4,0.0528,0.0097,29.84,0.38,0.3,34.6
DO.0815,F,G10,CSDO-F-43,5/15/2012,11/15/2013,549,Pixi 78wks,0.0606,0.6235,34.39,36.94,24.2,0.1041,0.0199,26.66,0.37,0.3,36.5
DO.0816,F,G10,CSDO-F-44,5/14/2012,11/26/2013,561,Pixi 78wks,0.0497,0.5336,19.24,28.08,22.7,0.0751,0.0144,15.49,0.33,0.3,28.6
DO.0817,F,G10,CSDO-F-44,5/13/2012,11/26/2013,562,Pixi 78wks,0.0548,0.6225,24.05,37.05,28.1,0.049,0.0092,15.19,0.35,0.3,37.2
DO.0818,F,G10,CSDO-F-44,5/9/2012,11/26/2013,566,Pixi 78wks,0.0476,0.4735,18.8,33.56,27.2,0.0657,0.0123,11.13,0.3,0.3,33.6
DO.0819,F,G10,CSDO-F-44,5/11/2012,11/26/2013,564,Pixi 78wks,0.041,0.4083,36.55,41.19,26.1,0.0266,0.0038,17.51,0.4,0.3,39.3
DO.0821,F,G10,CSDO-F-45,5/13/2012,6/21/2013,404,Pixi 52wks,0.061,0.6941,33.56,31.59,21,0.09,0.0172,23.21,0.37,0.3,28.8
DO.0822,F,G10,CSDO-F-45,5/13/2012,6/21/2013,404,Pixi 52wks,0.0632,0.6406,32.36,40.6,27.5,0.0849,0.0159,16.81,0.39,0.3,41
DO.0823,F,G10,CSDO-F-45,5/15/2012,6/21/2013,402,Pixi 52wks,0.0593,0.5549,30.35,35.15,24.5,0.1049,0.0196,14.32,0.33,0.3,30.3
DO.0824,F,G10,CSDO-F-45,5/12/2012,6/21/2013,405,Pixi 52wks,0.0617,0.6291,44.66,39.03,21.6,0.0984,0.0184,31.51,0.37,0.3,38.7
DO.0825,F,G10,CSDO-F-45,5/15/2012,6/21/2013,402,Pixi 52wks,0.0671,0.6744,43.24,49.53,28.1,0.1053,0.0197,30.39,0.4,0.3,39.5
DO.0826,F,G10,CSDO-F-46,5/12/2012,6/14/2013,398,Pixi 52wks,0.0624,0.5837,39.01,57.79,35.2,0.1051,0.0185,25.36,0.5,0.4,38.1
DO.0827,F,G10,CSDO-F-46,5/16/2012,6/14/2013,394,Pixi 52wks,0.0563,0.5895,45.27,44.34,24.3,0.0675,0.0126,31.33,0.37,0.3,35.2
DO.0828,F,G10,CSDO-F-46,5/17/2012,6/14/2013,393,Pixi 52wks,0.0564,0.5698,19.03,29.75,24.1,0.0732,0.0137,8.65,0.32,0.3,25.7
DO.0829,F,G10,CSDO-F-46,5/13/2012,6/14/2013,397,Pixi 52wks,0.0567,0.5628,33.78,48.07,31.8,0.0753,0.0141,20.12,0.4,0.3,30.4
DO.0830,F,G10,CSDO-F-46,5/15/2012,6/14/2013,395,Pixi 52wks,0.0553,0.5783,12.07,23.71,20.9,0.0878,0.0164,3.71,0.33,0.3,18.6
DO.0831,F,G10,CSDO-F-47,5/14/2012,12/14/2012,214,Pixi 26wks,0.0536,0.451,17.84,23.07,19,0.088,0.0164,5.02,0.31,0.3,23.44
DO.0832,F,G10,CSDO-F-47,5/16/2012,12/14/2012,212,Pixi 26wks,0.0539,0.4572,12.67,20.6,18,0.0851,0.0158,6.94,0.34,0.3,20.48
DO.0833,F,G10,CSDO-F-47,5/13/2012,12/14/2012,215,Pixi 26wks,0.0674,0.7223,19.57,36.34,29.2,0.1085,0.0203,13.32,0.38,0.3,36.45
DO.0835,F,G10,CSDO-F-47,5/10/2012,12/14/2012,218,Pixi 26wks,0.0472,0.3914,19.53,22.66,18.2,0.071,0.0133,7.73,0.3,0.3,23.01
DO.0836,F,G10,CSDO-F-48,5/14/2012,6/14/2013,396,Pixi 52wks,0.0485,0.5167,10.55,27.31,24.4,0.0782,0.0146,3.15,0.32,0.3,21.9
DO.0837,F,G10,CSDO-F-48,5/13/2012,6/14/2013,397,Pixi 52wks,0.0532,0.4689,45.01,42.38,23.3,0.0812,0.0152,29.84,0.35,0.2,35.8
DO.0838,F,G10,CSDO-F-48,5/17/2012,6/14/2013,393,Pixi 52wks,0.0597,0.5995,22.22,28.76,22.4,0.0922,0.0176,11.77,0.37,0.3,20.8
DO.0839,F,G10,CSDO-F-48,5/14/2012,6/14/2013,396,Pixi 52wks,0.0512,0.4514,23.71,28.94,22.1,0.0721,0.0134,16.87,0.34,0.3,25.2
DO.0901,M,G8,CSDO-M-13,10/27/2011,11/10/2012,380,Pixi 52wks,0.0672,0.734,26.3,52.11,38.4,0.0747,0.013,14,0.4,0.4,51.15
DO.0902,M,G8,CSDO-M-13,10/23/2011,5/3/2013,558,Pixi 78wks,0.0505,0.5413,14.89,30.02,25.6,0.0655,0.0122,8.6,0.33,0.3,30.45
DO.0903,M,G8,CSDO-M-13,10/23/2011,5/3/2013,558,Pixi 78wks,0.0723,0.8244,26.99,48.71,35.6,0.0869,0.0162,17.8,0.42,0.3,48.14
DO.0905,M,G8,CSDO-M-13A,10/23/2011,5/3/2013,558,Pixi 78wks,0.0553,0.6567,12.56,33.78,29.5,0.0745,0.0137,6.47,0.34,0.3,34.78
DO.0906,M,G8,CSDO-M-14,10/24/2011,11/10/2012,383,Pixi 52wks,0.0577,0.578,35.3,38.97,25.2,0.1018,0.019,24.3,0.4,0.3,37.62
DO.0907,M,G8,CSDO-M-14,10/26/2011,11/10/2012,381,Pixi 52wks,0.0572,0.555,30.5,45.57,31.7,0.0844,0.016,13.2,0.4,0.4,44.62
DO.0908,M,G8,CSDO-M-14,10/23/2011,11/21/2012,395,Pixi 52wks,0.0586,0.6151,38.2,48.08,29.7,0.083,0.0155,23.94,0.4,0.3,47.44
DO.0909,M,G8,CSDO-M-14,10/25/2011,11/21/2012,393,Pixi 52wks,0.0618,0.6254,29.49,45.68,32.2,0.0922,0.0172,15.01,0.43,0.4,45.23
DO.0911,M,G8,CSDO-M-15,10/24/2011,11/10/2012,383,Pixi 52wks,0.0548,0.505,22.4,36.57,28.4,0.0754,0.014,6.1,0.4,0.4,37.28
DO.0914,M,G8,CSDO-M-15A,10/22/2011,11/10/2012,385,Pixi 52wks,0.0499,0.49,45.2,46.06,25.2,0.078,0.015,27.9,0.4,0.3,44.01
DO.0914,M,G8,CSDO-M-15A,10/22/2011,5/3/2013,559,Pixi 78wks,0.0622,0.6784,33.21,55.62,37.2,0.0914,0.0174,16.89,0.44,0.4,54.3
DO.0915,M,G8,CSDO-M-15,10/22/2011,5/3/2013,559,Pixi 78wks,0.0553,0.5834,13.34,26.66,23.1,0.0797,0.0151,4.95,0.36,0.3,27.21
DO.0916,M,G8,CSDO-M-16,10/23/2011,11/10/2012,384,Pixi 52wks,0.0492,0.487,25.4,35.79,26.7,0.0465,0.008,14,0.4,0.3,34.8
DO.0917,M,G8,CSDO-M-16,10/26/2011,11/21/2012,392,Pixi 52wks,0.0479,0.4613,23.62,44.32,33.8,0.0414,0.0077,7.49,0.39,0.4,44.22
DO.0919,M,G8,CSDO-M-16,10/25/2011,11/10/2012,382,Pixi 52wks,0.0477,0.513,15.2,30.66,26,0.0525,0.01,3.5,0.4,0.4,30.88
DO.0920,M,G8,CSDO-M-16,10/22/2011,11/21/2012,396,Pixi 52wks,0.0471,0.4723,22.25,35.24,27.4,0.0513,0.0096,16,0.37,0.3,34.75
DO.0921,M,G8,CSDO-M-17A,10/24/2011,5/10/2013,564,Pixi 78wks,0.0586,0.5889,27.27,46,33.5,0.069,0.0129,13.04,0.42,0.4,45.54
DO.0922,M,G8,CSDO-M-17B,10/27/2011,5/10/2013,561,Pixi 78wks,0.0495,0.4552,24.02,45.9,34.9,0.0749,0.014,10.6,0.39,0.3,43.93
DO.0923,M,G8,CSDO-M-17,10/27/2011,11/21/2012,391,Pixi 52wks,0.0544,0.5318,24.21,38.02,28.8,0.0742,0.0139,11.24,0.39,0.3,37.77
DO.0924,M,G8,CSDO-M-17,10/25/2011,11/21/2012,393,Pixi 52wks,0.0582,0.6575,24.55,52.12,39.3,0.1039,0.0194,13.81,0.42,0.4,52.51
DO.0925,M,G8,CSDO-M-17B,10/23/2011,11/21/2012,395,Pixi 52wks,0.0575,0.561,25.73,60.02,44.6,0.0554,0.0104,6.36,0.43,0.4,57.88
DO.0926,M,G8,CSDO-M-18,10/24/2011,5/10/2013,564,Pixi 78wks,0.0616,0.6429,33.15,50.69,33.9,0.0701,0.0131,15.31,0.47,0.4,49.63
DO.0927,M,G8,CSDO-M-18,10/23/2011,5/10/2013,565,Pixi 78wks,0.0609,0.7363,24.49,45.8,34.6,0.0805,0.015,14.13,0.42,0.4,46.09
DO.0929,M,G8,CSDO-M-18,10/26/2011,5/10/2013,562,Pixi 78wks,0.0569,0.5676,34,42.71,28.2,0.0655,0.0122,17.92,0.4,0.3,42.15
DO.0930,M,G8,CSDO-M-18,10/23/2011,5/10/2013,565,Pixi 78wks,0.0538,0.5032,18,29.71,24.4,0.0736,0.0137,7.37,0.36,0.3,29.77
DO.0931,M,G8,CSDO-M-19B,10/26/2011,5/10/2013,562,Pixi 78wks,0.058,0.6975,21.57,42.82,33.6,0.0772,0.0144,10.63,0.39,0.4,43.46
DO.0932,M,G8,CSDO-M-19,10/22/2011,4/26/2013,552,Pixi 78wks,0.0591,0.6335,31.4,47.61,32.7,0.0766,0.0135,14.59,0.37,0.3,45.43
DO.0933,M,G8,CSDO-M-19A,10/25/2011,5/3/2013,556,Pixi 78wks,0.0549,0.6438,14.86,39.13,33.3,0.0704,0.0124,6.68,0.4,0.4,39.8
DO.0934,M,G8,CSDO-M-19,10/27/2011,4/26/2013,547,Pixi 78wks,0.0514,0.4963,7.29,24.85,23,0.0421,0.0075,0.27,0.44,0.4,24.32
DO.0935,M,G8,CSDO-M-19,10/22/2011,4/26/2013,552,Pixi 78wks,0.0556,0.6356,32.54,60.49,40.8,0.0547,0.0101,17.67,0.44,0.4,59.2
DO.0936,M,G8,CSDO-M-20,10/24/2011,5/3/2013,557,Pixi 78wks,0.0522,0.549,37.99,47.22,29.3,0.0559,0.0106,19.89,0.4,0.3,47.06
DO.0937,M,G8,CSDO-M-20,10/27/2011,5/3/2013,554,Pixi 78wks,0.0532,0.5579,36.59,38.44,24.4,0.0866,0.0162,19.6,0.36,0.3,38.18
DO.0938,M,G8,CSDO-M-20,10/25/2011,5/3/2013,556,Pixi 78wks,0.0528,0.5923,36.28,51.47,32.8,0.0681,0.0127,14.64,0.39,0.3,51.18
DO.0939,M,G8,CSDO-M-20,10/25/2011,5/3/2013,556,Pixi 78wks,0.0592,0.6229,31.69,55.46,37.9,0.0671,0.0125,12.37,0.42,0.4,54.33
DO.0940,M,G8,CSDO-M-20,10/27/2011,11/9/2012,379,Pixi 52wks,0.0551,0.587,48.7,59.6,30.6,0.0697,0.013,30.3,0.4,0.3,58.07
DO.0940,M,G8,CSDO-M-20,10/27/2011,5/3/2013,554,Pixi 78wks,0.0542,0.4082,41.71,67.97,39.6,0.0578,0.0099,12.7,0.44,0.4,64.12
DO.0941,M,G8,CSDO-M-21,10/27/2011,4/26/2013,547,Pixi 78wks,0.0593,0.6849,25.04,40.94,30.7,0.0822,0.0154,13.1,0.35,0.3,41.33
DO.0942,M,G8,CSDO-M-21,10/22/2011,11/9/2012,384,Pixi 52wks,0.0592,0.559,17.4,33.5,27.7,0.0816,0.015,6,0.4,0.4,32.72
DO.0943,M,G8,CSDO-M-21,10/24/2011,4/26/2013,550,Pixi 78wks,0.0565,0.5426,24.78,48.37,36.4,0.0674,0.0126,8.21,0.43,0.4,47.41
DO.0944,M,G8,CSDO-M-21,10/27/2011,4/26/2013,547,Pixi 78wks,0.0564,0.5656,23.47,47.73,36.5,0.0734,0.0135,8.09,0.38,0.4,47.39
DO.0945,M,G8,CSDO-M-21,10/25/2011,11/9/2012,381,Pixi 52wks,0.0489,0.434,35.1,47.2,30.6,0.0512,0.009,18.1,0.4,0.3,46.48
DO.0947,M,G8,CSDO-M-22,10/27/2011,5/10/2013,561,Pixi 78wks,0.0474,0.488,16.96,34.26,28.4,0.0467,0.0089,8.28,0.4,0.4,33.78
DO.0949,M,G8,CSDO-M-22,10/25/2011,11/10/2012,382,Pixi 52wks,0.0641,0.777,37.4,59.19,37.1,0.1088,0.02,20.9,0.5,0.4,60.83
DO.0950,M,G8,CSDO-M-22A,10/27/2011,5/10/2013,561,Pixi 78wks,0.055,0.544,19.68,40.28,32.4,0.059,0.011,4.56,0.38,0.4,40.82
DO.0951,M,G8,CSDO-M-23,10/23/2011,11/10/2012,384,Pixi 52wks,0.0582,0.547,33.8,58.28,38.6,0.0568,0.011,13.9,0.5,0.4,55.84
DO.0952,M,G8,CSDO-M-23,10/27/2011,4/26/2013,547,Pixi 78wks,0.0584,0.6479,11.84,30.58,27,0.0885,0.0165,6.94,0.35,0.3,32.01
DO.0953,M,G8,CSDO-M-23,10/24/2011,4/26/2013,550,Pixi 78wks,0.0537,0.5471,28.76,38.9,27.7,0.0714,0.0133,14.2,0.38,0.3,39.48
DO.0954,M,G8,CSDO-M-23,10/24/2011,11/10/2012,383,Pixi 52wks,0.0604,0.56,33.5,46.24,30.8,0.0898,0.017,13.6,0.4,0.4,44.72
DO.0955,M,G8,CSDO-M-23,10/26/2011,4/26/2013,548,Pixi 78wks,0.0538,0.5618,20.9,31.51,24.9,0.0821,0.014,9.54,0.32,0.3,31.96
DO.0956,M,G8,CSDO-M-24,10/23/2011,11/21/2012,395,Pixi 52wks,0.063,0.6108,28.89,46.21,32.9,0.0847,0.0158,13.41,0.41,0.4,45.48
DO.0957,M,G8,CSDO-M-24,10/25/2011,11/21/2012,393,Pixi 52wks,0.0612,0.6601,26.5,49.17,36.1,0.0854,0.0159,10.79,0.41,0.4,48.58
DO.0958,M,G8,CSDO-M-24A,10/22/2011,11/10/2012,385,Pixi 52wks,0.0555,0.466,30,40.39,28.3,0.0797,0.015,11.3,0.4,0.4,42.64
DO.0959,M,G8,CSDO-M-24,10/27/2011,11/21/2012,391,Pixi 52wks,0.0539,0.4731,33.69,37.55,24.9,0.0708,0.0132,12.87,0.37,0.3,37.15
DO.0960,M,G8,CSDO-M-24,10/23/2011,11/21/2012,395,Pixi 52wks,0.0457,0.3905,13.87,27.36,23.6,0.064,0.0119,2.92,0.34,0.3,27.21
DO.0962,M,G9,CSDO-M-25C,2/24/2012,8/23/2013,546,Pixi 78wks,0.0587,0.7009,21.33,36.22,28.5,0.0963,0.0188,13.25,0.4,0.3,37.35
DO.0963,M,G9,CSDO-M-25,2/19/2012,8/23/2013,551,Pixi 78wks,0.0526,0.5402,12.71,29.98,26.2,0.0737,0.0142,5.41,0.4,0.4,30.94
DO.0964,M,G9,CSDO-M-25D,2/21/2012,8/23/2013,549,Pixi 78wks,0.0556,0.5834,13.32,31.95,27.7,0.0836,0.0168,4.34,0.42,0.4,32.31
DO.0967,M,G9,CSDO-M-26B,2/18/2012,9/6/2013,566,Pixi 78wks,0.0541,0.5786,31.07,48.13,33.2,0.0682,0.0127,14.17,0.4,0.3,47.52
DO.0969,M,G9,CSDO-M-26,2/21/2012,9/6/2013,563,Pixi 78wks,0.0431,0.4414,6.94,23.72,22.1,0.0516,0.0098,0.94,0.32,0.3,24.79
DO.0970,M,G9,CSDO-M-26,2/21/2012,9/6/2013,563,Pixi 78wks,0.0557,0.5334,26.19,45.24,33.4,0.0752,0.014,10.98,0.4,0.4,45.12
DO.0971,M,G9,CSDO-M-27,2/20/2012,3/1/2013,375,Pixi 52wks,0.0597,0.6765,30.71,41.4,28.7,0.0878,0.0168,17.87,0.41,0.3,41.87
DO.0972,M,G9,CSDO-M-27A,2/21/2012,9/6/2013,563,Pixi 78wks,0.0462,0.4143,27.64,25.11,18.2,0.0512,0.0096,13.47,0.31,0.3,25.13
DO.0973,M,G9,CSDO-M-27,2/22/2012,3/1/2013,373,Pixi 52wks,0.0567,0.5677,13.67,31,26.8,0.0868,0.0166,9.19,0.38,0.3,31.98
DO.0974,M,G9,CSDO-M-27,2/19/2012,3/1/2013,376,Pixi 52wks,0.0681,0.8062,19.67,38.3,30.8,0.1069,0.0197,10.41,0.37,0.3,39.3
DO.0975,M,G9,CSDO-M-27,2/23/2012,3/1/2013,372,Pixi 52wks,0.0568,0.6418,12.06,37.8,33.2,0.096,0.0172,5.41,0.38,0.4,38.03
DO.0976,M,G9,CSDO-M-28,2/23/2012,8/23/2013,547,Pixi 78wks,0.0523,0.4838,27.59,36.51,26.4,0.077,0.015,13.49,0.38,0.3,36.17
DO.0977,M,G9,CSDO-M-28,2/19/2012,8/23/2013,551,Pixi 78wks,0.0534,0.5161,15.21,31.45,26.7,0.0753,0.0147,9.53,0.38,0.3,32.3
DO.0978,M,G9,CSDO-M-28,2/21/2012,8/23/2013,549,Pixi 78wks,0.0571,0.6758,45.76,52.11,28.3,0.0875,0.0171,28.51,0.42,0.3,50.96
DO.0979,M,G9,CSDO-M-28,2/22/2012,8/23/2013,548,Pixi 78wks,0.0595,0.6496,13.13,31.96,27.8,0.0888,0.0173,5.34,0.37,0.4,33.09
DO.0980,M,G9,CSDO-M-28,2/18/2012,8/23/2013,552,Pixi 78wks,0.0548,0.5633,12.39,31.4,27.5,0.0704,0.0135,3.87,0.37,0.4,31.94
DO.0981,M,G9,CSDO-M-29,2/20/2012,2/22/2013,368,Pixi 52wks,0.0656,0.73,21.6,40.79,32,0.1166,0.022,14.3,0.39,0.3,41.7
DO.0982,M,G9,CSDO-M-29A,2/20/2012,2/22/2013,368,Pixi 52wks,0.0588,0.592,19.9,24.74,19.8,0.0886,0.019,12,0.41,0.4,25.35
DO.0983,M,G9,CSDO-M-29A,2/20/2012,2/22/2013,368,Pixi 52wks,0.0553,0.547,21.1,41.41,32.7,0.0715,0.013,13.6,0.45,0.4,40.94
DO.0984,M,G9,CSDO-M-29,2/22/2012,2/22/2013,366,Pixi 52wks,0.0624,0.729,14,37.3,32.1,0.0966,0.018,11.5,0.37,0.3,38.46
DO.0985,M,G9,CSDO-M-29,2/22/2012,2/22/2013,366,Pixi 52wks,0.0565,0.676,26.6,44.86,32.9,0.0817,0.015,13.9,0.38,0.3,45.5
DO.0986,M,G9,CSDO-M-30,2/23/2012,3/8/2013,379,Pixi 52wks,0.0649,0.6302,26,42.46,31.4,0.0899,0.0165,14.01,0.42,0.4,41.85
DO.0987,M,G9,CSDO-M-30,2/21/2012,3/8/2013,381,Pixi 52wks,0.0546,0.5779,25.14,44.64,33.4,0.0688,0.0128,14.82,0.4,0.3,45.13
DO.0988,M,G9,CSDO-M-30,2/22/2012,3/8/2013,380,Pixi 52wks,0.056,0.664,18.78,32.22,26.2,0.0859,0.016,12.96,0.35,0.3,33.04
DO.0989,M,G9,CSDO-M-30A,2/21/2012,3/8/2013,381,Pixi 52wks,0.0546,0.5875,18.17,33.2,27.2,0.0693,0.0129,6.86,0.35,0.3,34.28
DO.0990,M,G9,CSDO-M-30B,2/21/2012,3/8/2013,381,Pixi 52wks,0.0536,0.5541,27.94,34.93,25.2,0.0813,0.0152,18.91,0.36,0.3,35.65
DO.0991,M,G9,CSDO-M-31,2/20/2012,2/22/2013,368,Pixi 52wks,0.059,0.597,26.4,35.77,26.3,0.0685,0.013,18.8,0.4,0.3,36.35
DO.0992,M,G9,CSDO-M-31,2/22/2012,2/22/2013,366,Pixi 52wks,0.0533,0.488,23.4,34.48,26.4,0.0728,0.014,9.1,0.4,0.4,34.91
DO.0993,M,G9,CSDO-M-31,2/23/2012,2/22/2013,365,Pixi 52wks,0.0546,0.576,31.9,48.72,33.2,0.0719,0.013,20.2,0.38,0.3,48.6
DO.0995,M,G9,CSDO-M-31,2/22/2012,2/22/2013,366,Pixi 52wks,0.054,0.576,46.3,56.67,30.4,0.0758,0.016,35.3,0.51,0.3,55.36
DO.0996,M,G9,CSDO-M-32,2/21/2012,3/8/2013,381,Pixi 52wks,0.0574,0.6272,9.15,32.89,29.9,0.0927,0.0173,4.24,0.37,0.4,33.73
DO.0997,M,G9,CSDO-M-32A,2/20/2012,3/8/2013,382,Pixi 52wks,0.0502,0.479,19.71,39.82,32,0.0672,0.0126,9.3,0.38,0.3,39.84
DO.0998,M,G9,CSDO-M-32,2/20/2012,3/8/2013,382,Pixi 52wks,0.0584,0.6708,14.88,34.28,29.2,0.0818,0.0153,6.19,0.35,0.3,35.26
DO.0999,M,G9,CSDO-M-32B,2/20/2012,3/8/2013,382,Pixi 52wks,0.0551,0.5756,30.23,41.49,29,0.0749,0.014,17.94,0.37,0.3,41.67
DO.1000,M,G9,CSDO-M-32,2/21/2012,3/8/2013,381,Pixi 52wks,0.057,0.6415,9.37,32.74,29.7,0.0872,0.0163,3.55,0.36,0.3,36.57
DO.1001,M,G9,CSDO-33C,2/18/2012,2/22/2013,370,Pixi 52wks,0.0522,0.565,11.6,30.5,27,0.0765,0.015,4.8,0.39,0.4,30.74
DO.1002,M,G9,CSDO-M-33,2/20/2012,8/30/2013,557,Pixi 78wks,0.0557,0.527,28.48,45.97,32.9,0.0605,0.0118,9.89,0.44,0.4,45.76
DO.1003,M,G9,CSDO-M-33B,2/19/2012,8/30/2013,558,Pixi 78wks,0.0445,0.4276,20.57,32.78,26,0.0448,0.0085,10.31,0.36,0.3,33.21
DO.1006,M,G9,CSDO-M-34,2/23/2012,9/6/2013,561,Pixi 78wks,0.0445,0.3974,12.82,30.29,26.4,0.0587,0.0111,1.91,0.37,0.4,30.19
DO.1007,M,G9,CSDO-M-34,2/21/2012,9/6/2013,563,Pixi 78wks,0.0521,0.4995,27.57,42.1,30.5,0.0589,0.011,12.6,0.36,0.3,41.89
DO.1008,M,G9,CSDO-M-34A,2/24/2012,9/6/2013,560,Pixi 78wks,0.0501,0.5096,25.39,39.18,29.2,0.0519,0.0097,14.43,0.39,0.3,39.51
DO.1010,M,G9,CSDO-M-34,2/23/2012,9/6/2013,561,Pixi 78wks,0.057,0.5319,31.73,43.26,29.5,0.0628,0.0115,10.79,0.39,0.3,42.69
DO.1011,M,G9,CSDO-M-35B,2/18/2012,9/6/2013,566,Pixi 78wks,0.0517,0.5494,11.26,30.81,27.3,0.0737,0.0138,3.87,0.36,0.3,31.45
DO.1012,M,G9,CSDO-M-35,2/20/2012,3/1/2013,375,Pixi 52wks,0.062,0.73,11.77,36.53,32.2,0.0985,0.0181,4.7,0.4,0.4,37.3
DO.1013,M,G9,CSDO-M-35,2/20/2012,3/1/2013,375,Pixi 52wks,0.0599,0.666,23.56,42.55,32.5,0.1065,0.0199,11.78,0.4,0.4,42.73
DO.1014,M,G9,CSDO-M-35,2/20/2012,3/1/2013,375,Pixi 52wks,0.0646,0.6728,29.68,51.54,36.2,0.0975,0.0182,11.38,0.39,0.3,51.58
DO.1015,M,G9,CSDO-M-35A,2/19/2012,9/6/2013,565,Pixi 78wks,0.0531,0.598,28.11,38.65,27.8,0.0753,0.0141,13.6,0.38,0.3,38.64
DO.1016,M,G9,CSDO-M-36,2/22/2012,8/30/2013,555,Pixi 78wks,0.0623,0.7568,26.51,40.04,29.4,0.1004,0.0196,17.18,0.42,0.3,40.55
DO.1017,M,G9,CSDO-M-36A,2/18/2012,8/30/2013,559,Pixi 78wks,0.0585,0.6191,26.1,42.14,31.1,0.0667,0.013,12.54,0.42,0.4,42.25
DO.1018,M,G9,CSDO-M-36B,2/19/2012,8/30/2013,558,Pixi 78wks,0.0535,0.5602,12.22,28.26,24.8,0.061,0.0119,2.05,0.34,0.3,29.04
DO.1019,M,G9,CSDO-M-36,2/20/2012,8/30/2013,557,Pixi 78wks,0.0559,0.5469,20.75,28.15,22.3,0.0849,0.0166,8.71,0.35,0.3,28.71
DO.1020,M,G9,CSDO-M-36,2/20/2012,8/30/2013,557,Pixi 78wks,0.0603,0.6723,23.36,44.62,34.2,0.0786,0.0151,7.48,0.36,0.3,44.65
DO.1021,M,G10,CSDO-M-37,5/15/2012,6/14/2013,395,Pixi 52wks,0.0546,0.5574,12.52,30.73,26.9,0.0715,0.0134,7.1,0.36,0.3,25.9
DO.1022,M,G10,CSDO-M-37A,5/15/2012,6/14/2013,395,Pixi 52wks,0.0545,0.5392,14.41,31.74,27.2,0.1149,0.0215,7.62,0.37,0.3,26.6
DO.1023,M,G10,CSDO-M-37B,5/17/2012,6/14/2013,393,Pixi 52wks,0.0543,0.5796,29.19,41.95,29.7,0.0741,0.0138,15.97,0.41,0.3,32.4
DO.1024,M,G10,CSDO-M-37,5/17/2012,6/14/2013,393,Pixi 52wks,0.0532,0.5963,11.58,34.4,30.4,0.0868,0.0162,5.27,0.36,0.3,26.1
DO.1025,M,G10,CSDO-M-37,5/13/2012,6/14/2013,397,Pixi 52wks,0.0622,0.6568,26.98,41.98,30.7,0.1031,0.0193,19.5,0.39,0.3,35.1
DO.1026,M,G10,CSDO-M-38A,5/14/2012,6/14/2013,396,Pixi 52wks,0.0602,0.7083,28.65,34.51,24.6,0.099,0.0189,21.13,0.36,0.3,28.5
DO.1027,M,G10,CSDO-M-38,5/16/2012,6/14/2013,394,Pixi 52wks,0.0533,0.4896,28.04,44.28,31.9,0.0687,0.0127,12.93,0.44,0.4,36.9
DO.1028,M,G10,CSDO-M-38A,5/15/2012,6/14/2013,395,Pixi 52wks,0.0606,0.6951,15.13,40.33,34.2,0.0988,0.0184,9.82,0.37,0.3,29.3
DO.1029,M,G10,CSDO-M-38B,5/15/2012,6/14/2013,395,Pixi 52wks,0.0542,0.5157,12.01,31.78,28,0.0798,0.0153,6.16,0.36,0.3,27.4
DO.1031,M,G10,CSDO-M-39,5/16/2012,11/15/2013,548,Pixi 78wks,0.0583,0.586,33.47,47.57,31.6,0.0585,0.0109,20.6,0.42,0.3,46.8
DO.1032,M,G10,CSDO-M-39,5/13/2012,11/15/2013,551,Pixi 78wks,0.0557,0.517,32.39,43.61,29.5,0.0679,0.0127,18.29,0.39,0.3,42.7
DO.1033,M,G10,CSDO-M-39,5/15/2012,11/15/2013,549,Pixi 78wks,0.0562,0.528,34.57,45.92,30,0.0717,0.0134,17.31,0.4,0.3,45.8
DO.1035,M,G10,CSDO-M-39,5/15/2012,11/15/2013,549,Pixi 78wks,0.055,0.5499,32.68,54.68,36.8,0.068,0.0127,19.19,0.43,0.3,54.5
DO.1037,M,G10,CSDO-M-40,5/13/2012,12/14/2012,215,Pixi 26wks,0.0528,0.4788,21.82,35.48,27.7,0.0716,0.0134,6.77,0.37,0.3,35.46
DO.1038,M,G10,CSDO-M-40,5/9/2012,12/14/2012,219,Pixi 26wks,0.0542,0.5243,13.94,30.14,25.9,0.0717,0.0134,8.46,0.36,0.3,31.03
DO.1039,M,G10,CSDO-M-40,5/11/2012,12/14/2012,217,Pixi 26wks,0.0566,0.5309,30.28,39.7,27.7,0.1185,0.0221,22.61,0.44,0.3,38.44
DO.1040,M,G10,CSDO-M-40,5/12/2012,12/14/2012,216,Pixi 26wks,0.0585,0.6569,10.45,26.48,23.7,0.096,0.0179,2.72,0.34,0.3,27.51
DO.1041,M,G10,CSDO-M-41,5/16/2012,12/14/2012,212,Pixi 26wks,0.0547,0.5652,26.09,43.61,32.2,0.0731,0.0136,13.25,0.41,0.4,43.74
DO.1042,M,G10,CSDO-M-41,5/15/2012,12/14/2012,213,Pixi 26wks,0.0551,0.4994,17.35,31.3,25.9,0.0657,0.0123,4.61,0.38,0.4,31.77
DO.1043,M,G10,CSDO-M-41,5/12/2012,12/14/2012,216,Pixi 26wks,0.0499,0.4542,22.93,36.74,28.3,0.0601,0.0112,9.09,0.4,0.4,36.93
DO.1044,M,G10,CSDO-M-41,5/15/2012,12/14/2012,213,Pixi 26wks,0.0533,0.4933,28.75,36.27,25.8,0.0682,0.0127,16.44,0.4,0.3,35.08
DO.1045,M,G10,CSDO-M-41,5/17/2012,12/14/2012,211,Pixi 26wks,0.056,0.5842,14.56,31.07,26.5,0.0882,0.0165,2.42,0.38,0.4,31.63
DO.1046,M,G10,CSDO-M-42,5/15/2012,11/26/2013,560,Pixi 78wks,0.0535,0.5888,14.45,30.4,26,0.0712,0.0133,11.49,0.36,0.3,30.7
DO.1047,M,G10,CSDO-M-42A,5/14/2012,11/26/2013,561,Pixi 78wks,0.0551,0.6222,19.45,40.24,32.4,0.0765,0.0135,13,0.35,0.3,41.7
DO.1048,M,G10,CSDO-M-42,5/14/2012,11/26/2013,561,Pixi 78wks,0.0645,0.7387,16.93,35.81,29.7,0.1081,0.0202,11.7,0.36,0.3,36.8
DO.1049,M,G10,CSDO-M-42B,5/16/2012,11/26/2013,559,Pixi 78wks,0.0537,0.595,21.85,31.14,24.3,0.0685,0.0128,13.27,0.34,0.3,30.9
DO.1051,M,G10,CSDO-M-43,5/15/2012,6/21/2013,402,Pixi 52wks,0.0581,0.5919,15.62,33.16,28,0.0784,0.0146,8.5,0.36,0.3,30.7
DO.1053,M,G10,CSDO-M-43B,5/13/2012,6/21/2013,404,Pixi 52wks,0.0523,0.4645,29.48,38.59,27.2,0.0616,0.0115,12.94,0.39,0.3,38.4
DO.1054,M,G10,CSDO-M-43,5/15/2012,6/21/2013,402,Pixi 52wks,0.068,0.6755,23.99,42.27,32.1,0.118,0.0224,12.79,0.39,0.3,42.2
DO.1055,M,G10,CSDO-M-43A,5/13/2012,6/21/2013,404,Pixi 52wks,0.0528,0.5388,15.13,32.05,27.2,0.0617,0.0114,4.71,0.37,0.4,28.2
DO.1056,M,G10,CSDO-M-44A,5/12/2012,11/26/2013,563,Pixi 78wks,0.05,0.4961,19.13,30.97,25,0.0629,0.0116,7.65,0.35,0.3,31
DO.1057,M,G10,CSDO-M-44,5/12/2012,11/26/2013,563,Pixi 78wks,0.0551,0.5942,16.75,30.04,25,0.0898,0.0172,9.04,0.34,0.3,30
DO.1058,M,G10,CSDO-M-44,5/16/2012,11/26/2013,559,Pixi 78wks,0.0533,0.5508,10.49,27.04,24.2,0.0798,0.0149,4.74,0.35,0.3,27.9
DO.1059,M,G10,CSDO-M-44,5/14/2012,11/26/2013,561,Pixi 78wks,0.0519,0.5724,6.89,53.5,49.8,0.0489,0.0093,1.38,0.66,0.6,50.7
DO.1060,M,G10,CSDO-M-44,5/15/2012,11/26/2013,560,Pixi 78wks,0.0585,0.6492,17.07,35.5,29.4,0.0934,0.0174,7.93,0.42,0.4,35.7
DO.1061,M,G10,CSDO-M-45,5/15/2012,12/7/2012,206,Pixi 26wks,0.0588,0.5639,32.98,40.27,27,0.0884,0.0165,16.54,0.38,0.3,40.05
DO.1062,M,G10,CSDO-M-45,5/12/2012,12/7/2012,209,Pixi 26wks,0.0596,0.6438,34.03,45.2,29.8,0.1149,0.0215,22.04,0.39,0.3,44.2
DO.1063,M,G10,CSDO-M-45,5/15/2012,12/7/2012,206,Pixi 26wks,0.0551,0.5902,17.23,32.01,26.5,0.0891,0.0166,12.31,0.37,0.3,32.86
DO.1064,M,G10,CSDO-M-45,5/17/2012,12/7/2012,204,Pixi 26wks,0.0546,0.5028,15.07,27.95,23.7,0.0883,0.0165,7.66,0.35,0.3,28.48
DO.1065,M,G10,CSDO-M-45,5/16/2012,12/7/2012,205,Pixi 26wks,0.0587,0.5752,21.83,35.58,27.8,0.0767,0.0143,16.9,0.39,0.3,35.41
DO.1066,M,G10,CSDO-M-46,5/15/2012,6/21/2013,402,Pixi 52wks,0.0568,0.6026,31.86,43.84,29.9,0.0739,0.0138,18.88,0.4,0.3,46.4
DO.1067,M,G10,CSDO-M-46,5/16/2012,6/21/2013,401,Pixi 52wks,0.053,0.4907,15.69,34.21,28.8,0.0663,0.0124,2.67,0.37,0.4,36.1
DO.1068,M,G10,CSDO-M-46,5/16/2012,6/21/2013,401,Pixi 52wks,0.0642,0.634,29.96,45.52,31.9,0.0861,0.0161,15.39,0.42,0.4,42.3
DO.1069,M,G10,CSDO-M-46A,5/17/2012,6/21/2013,400,Pixi 52wks,0.0596,0.6142,30.76,37.42,25.9,0.0804,0.015,21.62,0.37,0.3,36.9
DO.1070,M,G10,CSDO-M-46,5/12/2012,6/21/2013,405,Pixi 52wks,0.0625,0.6622,23.87,46.54,35.4,0.0726,0.0136,12.03,0.4,0.4,48.6
DO.1071,M,G10,CSDO-M-47,5/18/2012,11/15/2013,546,Pixi 78wks,0.0528,0.5346,20.77,34.94,27.7,0.0715,0.0133,7.58,0.37,0.3,34.7
DO.1074,M,G10,CSDO-M-47,5/15/2012,11/15/2013,549,Pixi 78wks,0.0574,0.6769,41.58,46.87,27.4,0.0982,0.0183,26.58,0.4,0.3,45.7
DO.1075,M,G10,CSDO-M-47,5/15/2012,11/15/2013,549,Pixi 78wks,0.0565,0.613,28.07,39.99,28.8,0.0813,0.0152,14.22,0.37,0.3,40.1
DO.1076,M,G10,CSDO-M-48,5/12/2012,12/7/2012,209,Pixi 26wks,0.068,0.7346,24.36,43.09,32.6,0.1054,0.0197,11.57,0.37,0.3,43.25
DO.1077,M,G10,CSDO-M-48,5/15/2012,12/7/2012,206,Pixi 26wks,0.0624,0.7652,9.34,34.77,31.5,0.1054,0.0197,2.84,0.37,0.4,35.9
DO.1078,M,G10,CSDO-M-48A,5/16/2012,12/7/2012,205,Pixi 26wks,0.0595,0.6953,13.09,37.15,32.3,0.1021,0.0191,7.7,0.36,0.3,37.71
DO.1079,M,G10,CSDO-M-48,5/14/2012,12/7/2012,207,Pixi 26wks,0.0562,0.6102,7.66,31.42,29,0.0963,0.018,3.13,0.35,0.3,31.92
DO.1080,M,G10,CSDO-M-48A,5/15/2012,12/7/2012,206,Pixi 26wks,0.0637,0.6525,21.16,47.29,37.3,0.0972,0.0181,9.4,0.43,0.4,46.68
DO.1082,F,G11,CSDO-F-49,8/23/2012,3/14/2014,568,Pixi 78wks,0.0505,0.4823,31.22,36.02,24.8,0.0659,0.0123,15.41,0.34,0.3,36.3
DO.1083,F,G11,CSDO-F-49,8/22/2012,3/14/2014,569,Pixi 78wks,0.0478,0.4276,24.19,28.98,22,0.0487,0.0091,15.32,0.33,0.3,29.3
DO.1084,F,G11,CSDO-F-49,8/21/2012,3/14/2014,570,Pixi 78wks,0.0549,0.5456,23.18,32.5,25,0.0771,0.0144,14.19,0.35,0.3,33
DO.1085,F,G11,CSDO-F-49,8/23/2012,3/14/2014,568,Pixi 78wks,0.0553,0.5402,21.78,30.24,23.7,0.0846,0.0158,13.92,0.34,0.3,30.9
DO.1087,F,G11,CSDO-F-50,8/20/2012,9/13/2013,389,Pixi 52wks,0.0704,0.7119,23.73,21.21,16.2,0.125,0.0233,16.18,0.36,0.3,22.2
DO.1088,F,G11,CSDO-F-50,8/22/2012,9/13/2013,387,Pixi 52wks,0.0592,0.5346,28.73,29.57,21.1,0.0924,0.0173,18.49,0.34,0.3,29.8
DO.1089,F,G11,CSDO-F-50,8/22/2012,9/13/2013,387,Pixi 52wks,0.0586,0.5773,34.35,34.42,22.6,0.072,0.0134,24.29,0.35,0.3,33.7
DO.1090,F,G11,CSDO-F-50,8/22/2012,9/13/2013,387,Pixi 52wks,0.0504,0.5012,46.43,39.44,21.1,0.0617,0.0115,34.11,0.35,0.2,38.6
DO.1091,F,G11,CSDO-F-51,8/20/2012,3/7/2014,564,Pixi 78wks,0.0477,0.4761,21.99,33.65,26.3,0.0597,0.0112,10.19,0.34,0.3,33.9
DO.1092,F,G11,CSDO-F-51,8/22/2012,3/7/2014,562,Pixi 78wks,0.0332,0.2443,11.5,20.63,18.3,0.0335,0.0062,4.3,0.29,0.3,20.6
DO.1093,F,G11,CSDO-F-51,8/23/2012,3/7/2014,561,Pixi 78wks,0.0488,0.3838,23.76,27.41,20.9,0.0541,0.0101,15.04,0.35,0.3,27.3
DO.1094,F,G11,CSDO-F-51,8/20/2012,3/7/2014,564,Pixi 78wks,0.0624,0.5488,10.23,40.52,36.4,0.0768,0.0143,5.22,0.44,0.4,37
DO.1095,F,G11,CSDO-F-51,8/20/2012,3/7/2014,564,Pixi 78wks,0.0523,0.408,37.38,35.87,22.5,0.0716,0.0133,22.04,0.39,0.3,35.6
DO.1096,F,G11,CSDO-F-52,8/18/2012,3/15/2013,209,Pixi 26wks,0.049,0.3838,25.31,20.46,15.3,0.0749,0.014,10.53,0.29,0.3,20.64
DO.1097,F,G11,CSDO-F-52,8/21/2012,3/15/2013,206,Pixi 26wks,0.053,0.4439,32.3,27.85,18.9,0.0816,0.0152,18.5,0.32,0.3,27.39
DO.1098,F,G11,CSDO-F-52,8/21/2012,3/15/2013,206,Pixi 26wks,0.051,0.4286,37.13,34.87,21.9,0.0788,0.0147,22.99,0.34,0.3,34.3
DO.1099,F,G11,CSDO-F-52,8/23/2012,3/15/2013,204,Pixi 26wks,0.0549,0.434,30.55,28.23,19.6,0.0824,0.0157,18.12,0.34,0.3,28.05
DO.1100,F,G11,CSDO-F-52,8/21/2012,3/15/2013,206,Pixi 26wks,0.0525,0.5046,40.42,38.28,22.8,0.0662,0.0126,27.95,0.35,0.3,37.28
DO.1101,F,G11,CSDO-F-53,8/22/2012,9/20/2013,394,Pixi 52wks,0.0572,0.5727,25.52,34.65,25.8,0.0804,0.015,14.58,0.35,0.3,35
DO.1102,F,G11,CSDO-F-53,8/23/2012,9/20/2013,393,Pixi 52wks,0.055,0.5033,39,39.62,24.2,0.0743,0.0139,27.2,0.36,0.3,38.5
DO.1103,F,G11,CSDO-F-53,8/22/2012,9/20/2013,394,Pixi 52wks,0.0545,0.5186,19.74,26.35,21.2,0.077,0.0147,10.34,0.32,0.3,26.4
DO.1105,F,G11,CSDO-F-53,8/24/2012,9/20/2013,392,Pixi 52wks,0.0529,0.4605,14.47,21.58,18.5,0.0914,0.0171,7.04,0.31,0.3,22.2
DO.1106,F,G11,CSDO-F-54,8/19/2012,3/7/2014,565,Pixi 78wks,0.047,0.4082,27.2,31.5,22.9,0.0399,0.0063,16.45,0.37,0.3,31.1
DO.1107,F,G11,CSDO-F-54,8/20/2012,3/7/2014,564,Pixi 78wks,0.0599,0.4492,41.46,36.9,21.6,0.0961,0.0184,33.38,0.44,0.3,35
DO.1108,F,G11,CSDO-F-54,8/21/2012,3/7/2014,563,Pixi 78wks,0.0511,0.5165,46.02,48.15,26,0.0798,0.0149,28.58,0.41,0.3,46.4
DO.1109,F,G11,CSDO-F-54,8/23/2012,3/7/2014,561,Pixi 78wks,0.0561,0.5,31.2,34.81,24,0.0892,0.0167,9.92,0.34,0.3,34.4
DO.1112,F,G11,CSDO-F-55,8/19/2012,9/13/2013,390,Pixi 52wks,0.0503,0.4779,42.56,37.9,21.8,0.0535,0.0099,30.33,0.39,0.3,36.4
DO.1113,F,G11,CSDO-F-55,8/22/2012,9/13/2013,387,Pixi 52wks,0.0459,0.3477,48.76,48.9,25.1,0.0355,0.0053,24.48,0.43,0.3,47.3
DO.1114,F,G11,CSDO-F-55,8/20/2012,9/13/2013,389,Pixi 52wks,0.0471,0.3757,32.42,28.49,19.3,0.0541,0.0101,17.99,0.33,0.3,28.5
DO.1115,F,G11,CSDO-F-55,8/19/2012,9/13/2013,390,Pixi 52wks,0.0511,0.5004,43.6,43.4,24.5,0.064,0.0119,27.05,0.39,0.3,42.7
DO.1116,F,G11,CSDO-F-56,8/19/2012,3/22/2013,215,Pixi 26wks,0.046,0.4321,9.64,23.77,21.5,0.0633,0.0118,1.81,0.34,0.3,24.02
DO.1117,F,G11,CSDO-F-56,8/17/2012,3/22/2013,217,Pixi 26wks,0.0543,0.5198,14.05,24.57,21.1,0.0819,0.0153,5.14,0.33,0.3,24.8
DO.1118,F,G11,CSDO-F-56,8/22/2012,3/22/2013,212,Pixi 26wks,0.0564,0.4808,30.65,31.36,21.7,0.0891,0.0166,17.33,0.35,0.3,30.53
DO.1119,F,G11,CSDO-F-56,8/20/2012,3/22/2013,214,Pixi 26wks,0.0507,0.4332,37.4,29.99,18.8,0.0742,0.0139,22.66,0.31,0.2,29.78
DO.1120,F,G11,CSDO-F-56,8/20/2012,3/22/2013,214,Pixi 26wks,0.0581,0.5545,22.41,28.52,22.1,0.1016,0.0192,12.55,0.33,0.3,29.56
DO.1121,F,G11,CSDO-F-57,8/19/2012,3/22/2013,215,Pixi 26wks,0.0519,0.4358,30.27,29.94,20.9,0.0721,0.0135,17.84,0.35,0.3,29.3
DO.1123,F,G11,CSDO-F-57,8/21/2012,3/22/2013,213,Pixi 26wks,0.0568,0.4931,31.68,35.44,24.2,0.0815,0.0152,21.01,0.34,0.3,34.91
DO.1124,F,G11,CSDO-F-57,8/23/2012,3/22/2013,211,Pixi 26wks,0.0518,0.4747,31.44,26.82,18.4,0.0738,0.0141,21.74,0.31,0.2,26.96
DO.1125,F,G11,CSDO-F-57,8/23/2012,3/22/2013,211,Pixi 26wks,0.0514,0.4776,32.77,31.01,20.8,0.0851,0.0164,20.83,0.35,0.3,30.56
DO.1126,F,G11,CSDO-F-58,8/20/2012,9/20/2013,396,Pixi 52wks,0.048,0.4523,25.49,21.87,16.3,0.0715,0.0134,17.31,0.33,0.3,22.1
DO.1128,F,G11,CSDO-F-58,8/20/2012,9/20/2013,396,Pixi 52wks,0.0535,0.4862,19.84,26.37,21.1,0.0741,0.014,9.69,0.32,0.3,26.9
DO.1129,F,G11,CSDO-F-58,8/24/2012,9/20/2013,392,Pixi 52wks,0.0503,0.481,37.36,39,24.4,0.0525,0.0095,16.69,0.37,0.3,38.5
DO.1130,F,G11,CSDO-F-58,8/22/2012,9/20/2013,394,Pixi 52wks,0.0594,0.5342,23.04,23.34,18,0.1031,0.0193,16.61,0.32,0.3,24
DO.1131,F,G11,CSDO-F-59,8/24/2012,3/14/2014,567,Pixi 78wks,0.0551,0.7066,36.41,37.74,24,0.0787,0.0147,27.92,0.33,0.2,36.7
DO.1132,F,G11,CSDO-F-59,8/21/2012,3/14/2014,570,Pixi 78wks,0.0439,0.3762,30.14,40.2,28.1,0.0365,0.0063,13.32,0.37,0.3,39.7
DO.1133,F,G11,CSDO-F-59,8/21/2012,3/14/2014,570,Pixi 78wks,0.0667,0.7398,47.32,58.05,30.6,0.1425,0.0266,29.66,0.38,0.3,57
DO.1135,F,G11,CSDO-F-59,8/21/2012,3/14/2014,570,Pixi 78wks,0.0587,0.5828,32.18,37.05,25.1,0.0677,0.0126,14.12,0.35,0.3,37.3
DO.1136,F,G11,CSDO-F-60,8/21/2012,3/15/2013,206,Pixi 26wks,0.0447,0.3497,33.75,34.3,22.7,0.0331,0.0045,5.73,0.39,0.4,32.17
DO.1137,F,G11,CSDO-F-60,8/22/2012,3/15/2013,205,Pixi 26wks,0.0597,0.5782,23.52,30.37,23.2,0.0809,0.0151,8.01,0.33,0.3,31.11
DO.1138,F,G11,CSDO-F-60,8/21/2012,3/15/2013,206,Pixi 26wks,0.0488,0.3975,34.21,25.23,16.6,0.0761,0.0142,23.65,0.29,0.2,25.01
DO.1139,F,G11,CSDO-F-60,8/20/2012,3/15/2013,207,Pixi 26wks,0.0574,0.5269,18.65,21.45,17.4,0.0827,0.0154,5.62,0.31,0.3,22.33
DO.1140,F,G11,CSDO-F-60,8/17/2012,3/15/2013,210,Pixi 26wks,0.0539,0.4637,22.42,23.99,18.6,0.0833,0.0156,13.31,0.29,0.3,24.18
DO.1141,M,G11,CSDO-M-49A,8/22/2012,9/13/2013,387,Pixi 52wks,0.0537,0.5442,26.21,35.83,26.4,0.0761,0.0142,16.69,0.37,0.3,36.1
DO.1142,M,G11,CSDO-M-49C,8/21/2012,9/13/2013,388,Pixi 52wks,0.0513,0.538,13.71,32.17,27.8,0.0698,0.013,7.96,0.37,0.3,32.7
DO.1143,M,G11,CSDO-M-49B,8/22/2012,9/13/2013,387,Pixi 52wks,0.0491,0.4881,5.75,25.26,23.8,0.0713,0.0133,0.31,0.47,0.5,24.8
DO.1145,M,G11,CSDO-M-49A,8/21/2012,9/13/2013,388,Pixi 52wks,0.0533,0.5261,39.6,47.85,28.9,0.0713,0.0133,21.6,0.41,0.3,47.3
DO.1146,M,G11,CSDO-M-50,8/21/2012,3/14/2014,570,Pixi 78wks,0.0548,0.6202,31.98,40.12,27.3,0.0796,0.0149,28.12,0.4,0.3,40.7
DO.1147,M,G11,CSDO-M-50,8/22/2012,3/14/2014,569,Pixi 78wks,0.0523,0.4763,22.47,35.03,27.2,0.0684,0.0128,9.37,0.39,0.4,35.6
DO.1148,M,G11,CSDO-M-50,8/19/2012,3/14/2014,572,Pixi 78wks,0.0534,0.5868,16.78,32.86,27.3,0.0724,0.0135,6.42,0.33,0.3,34.3
DO.1149,M,G11,CSDO-M-50B,8/24/2012,3/14/2014,567,Pixi 78wks,0.0562,0.6093,12.53,29.91,26.2,0.0587,0.011,5.01,0.41,0.4,30.6
DO.1151,M,G11,CSDO-M-50,8/22/2012,3/22/2013,212,Pixi 26wks,0.0594,0.5844,31.85,46.77,31.9,0.0901,0.0168,17.59,0.39,0.3,46.28
DO.1152,M,G11,CSDO-M-51,8/19/2012,3/22/2013,215,Pixi 26wks,0.0564,0.5055,24.43,34.84,26.3,0.0777,0.0145,9.67,0.39,0.3,34.31
DO.1153,M,G11,CSDO-M-51,8/22/2012,3/22/2013,212,Pixi 26wks,0.0643,0.7327,22.47,38.61,29.9,0.1148,0.0211,11.99,0.35,0.3,39.47
DO.1154,M,G11,CSDO-M-51,8/24/2012,3/22/2013,210,Pixi 26wks,0.0547,0.5958,40.96,41.75,24.6,0.0905,0.0172,26.95,0.37,0.3,40.9
DO.1155,M,G11,CSDO-M-51,8/17/2012,3/22/2013,217,Pixi 26wks,0.0586,0.571,27.85,37.11,26.8,0.0715,0.0133,21.19,0.38,0.3,36.86
DO.1156,M,G11,CSDO-M-52A,8/23/2012,3/7/2014,561,Pixi 78wks,0.0583,0.636,18.66,39.61,32.2,0.0789,0.0147,10.73,0.4,0.4,40.7
DO.1157,M,G11,CSDO-M-52,8/17/2012,3/7/2014,567,Pixi 78wks,0.0647,0.7566,27.03,43.52,31.8,0.1068,0.0202,15.88,0.43,0.4,44.1
DO.1158,M,G11,CSDO-M-52,8/19/2012,3/7/2014,565,Pixi 78wks,0.0551,0.6222,15.98,32.48,27.3,0.0803,0.015,7.53,0.37,0.3,33.1
DO.1159,M,G11,CSDO-M-52,8/21/2012,3/7/2014,563,Pixi 78wks,0.0497,0.4603,36.87,38.82,24.5,0.0622,0.0116,20.22,0.42,0.3,38.1
DO.1160,M,G11,CSDO-M-52A,8/18/2012,3/7/2014,566,Pixi 78wks,0.0556,0.605,25.42,43.35,32.3,0.0782,0.0146,11.06,0.39,0.3,43
DO.1161,M,G11,CSDO-M-53,8/19/2012,9/20/2013,397,Pixi 52wks,0.0535,0.6106,27.46,38.68,28.1,0.076,0.014,16.25,0.4,0.3,38.7
DO.1162,M,G11,CSDO-M-53C,8/22/2012,9/20/2013,394,Pixi 52wks,0.0602,0.6359,20.63,41.13,32.6,0.0887,0.0169,9.49,0.43,0.4,40.7
DO.1163,M,G11,CSDO-M-53B,8/19/2012,9/20/2013,397,Pixi 52wks,0.0509,0.5104,10.9,27.31,24.3,0.0726,0.0135,3.79,0.39,0.4,27.9
DO.1165,M,G11,CSDO-M-53D,8/23/2012,9/20/2013,393,Pixi 52wks,0.0594,0.5996,36.24,52.65,33.6,0.0954,0.0175,18.3,0.42,0.3,52
DO.1166,M,G11,CSDO-M-54A,8/20/2012,3/7/2014,564,Pixi 78wks,0.0514,0.4672,12.61,25.46,22.2,0.0715,0.0134,5.23,0.37,0.4,26
DO.1168,M,G11,CSDO-M-54,8/18/2012,3/7/2014,566,Pixi 78wks,0.0551,0.6446,27.26,43.79,31.8,0.0858,0.0151,18.13,0.44,0.4,43.4
DO.1169,M,G11,CSDO-M-54,8/18/2012,3/7/2014,566,Pixi 78wks,0.0542,0.6219,25.52,37.18,27.7,0.0814,0.0156,17.76,0.4,0.3,37.7
DO.1171,M,G11,CSDO-M-55B,8/22/2012,3/22/2013,212,Pixi 26wks,0.0568,0.5937,10.27,25.89,23.2,0.0989,0.0185,2.98,0.31,0.3,26.43
DO.1172,M,G11,CSDO-M-55A,8/20/2012,3/22/2013,214,Pixi 26wks,0.0564,0.5389,9.61,25.29,22.9,0.0947,0.0174,2.18,0.33,0.3,25.81
DO.1173,M,G11,CSDO-M-55C,8/21/2012,3/22/2013,213,Pixi 26wks,0.0501,0.42,26.42,42.74,31.4,0.0537,0.01,12.23,0.41,0.4,42.51
DO.1174,M,G11,CSDO-M-55,8/22/2012,3/22/2013,212,Pixi 26wks,0.0567,0.6008,8.67,28.62,26.1,0.0973,0.0182,2.03,0.38,0.4,29.57
DO.1175,M,G11,CSDO-M-55,8/23/2012,3/22/2013,211,Pixi 26wks,0.065,0.7733,15.81,39.78,33.5,0.1187,0.0228,8,0.41,0.4,39.96
DO.1177,M,G11,CSDO-M-56A,8/23/2012,3/14/2014,568,Pixi 78wks,0.0476,0.5008,11.4,28.34,25.1,0.0608,0.0114,4.39,0.34,0.3,29
DO.1179,M,G11,CSDO-M-56B,8/20/2012,3/14/2014,571,Pixi 78wks,0.0436,0.4317,6.26,29.87,28,0.052,0.0093,0.34,0.45,0.5,29.9
DO.1180,M,G11,CSDO-M-56C,8/22/2012,3/14/2014,569,Pixi 78wks,0.0576,0.6311,29.54,41.75,29.4,0.0737,0.0138,17.21,0.4,0.3,42.8
DO.1181,M,G11,CSDO-M-57,8/21/2012,9/13/2013,388,Pixi 52wks,0.0593,0.5989,16.2,32.8,27.5,0.0725,0.0135,5.25,0.38,0.4,33.3
DO.1182,M,G11,CSDO-M-57,8/20/2012,9/13/2013,389,Pixi 52wks,0.0569,0.6054,38.76,50.04,30.6,0.069,0.0129,27.7,0.42,0.3,48.7
DO.1184,M,G11,CSDO-M-57,8/21/2012,9/13/2013,388,Pixi 52wks,0.0596,0.627,31.33,42.44,29.1,0.0888,0.0166,14.5,0.41,0.3,42.7
DO.1185,M,G11,CSDO-M-57,8/20/2012,9/13/2013,389,Pixi 52wks,0.0676,0.8264,27.05,47.11,34.4,0.1054,0.0197,14.43,0.46,0.4,46.8
DO.1186,M,G11,CSDO-M-58,8/21/2012,9/20/2013,395,Pixi 52wks,0.0597,0.6428,36.22,48.2,30.7,0.0934,0.0178,21.18,0.44,0.3,47.4
DO.1187,M,G11,CSDO-M-58,8/20/2012,9/20/2013,396,Pixi 52wks,0.053,0.5903,23.36,32.77,25.1,0.0782,0.0149,15.03,0.37,0.3,33.3
DO.1188,M,G11,CSDO-M-58,8/22/2012,9/20/2013,394,Pixi 52wks,0.0591,0.6483,33.09,46.06,30.8,0.0946,0.0177,16.57,0.4,0.3,45.6
DO.1189,M,G11,CSDO-M-58,8/24/2012,9/20/2013,392,Pixi 52wks,0.0567,0.6307,18.14,38.79,31.8,0.0678,0.0128,8.63,0.39,0.4,39.5
DO.1190,M,G11,CSDO-M-58,8/20/2012,9/20/2013,396,Pixi 52wks,0.0543,0.4976,16.18,28.25,23.7,0.0712,0.0131,6.12,0.36,0.3,28.6
DO.1191,M,G11,CSDO-M-59,8/21/2012,3/15/2013,206,Pixi 26wks,0.0637,0.7097,31.49,53.37,36.6,0.1046,0.0195,16.62,0.41,0.3,53.54
DO.1192,M,G11,CSDO-M-59,8/22/2012,3/15/2013,205,Pixi 26wks,0.0547,0.4944,21.98,26.9,21,0.0864,0.0152,14.69,0.32,0.3,27.14
DO.1193,M,G11,CSDO-M-59,8/22/2012,3/15/2013,205,Pixi 26wks,0.0584,0.5688,26.13,37.61,27.8,0.0879,0.0164,13.18,0.41,0.4,37.37
DO.1194,M,G11,CSDO-M-59,8/19/2012,3/15/2013,208,Pixi 26wks,0.0607,0.6248,27.34,45.05,32.7,0.0952,0.018,12.39,0.38,0.3,45.51
DO.1195,M,G11,CSDO-M-59,8/22/2012,3/15/2013,205,Pixi 26wks,0.0559,0.5706,29.17,48.17,34.1,0.0672,0.0125,14.47,0.4,0.3,47.29
DO.1196,M,G11,CSDO-M-60,8/20/2012,3/15/2013,207,Pixi 26wks,0.055,0.6461,31.16,35.27,24.3,0.0867,0.0162,20.1,0.35,0.3,36.17
DO.1197,M,G11,CSDO-M-60,8/19/2012,3/15/2013,208,Pixi 26wks,0.0574,0.6469,18.99,38.04,30.8,0.1077,0.0201,11.79,0.39,0.3,38.07
DO.1199,M,G11,CSDO-M-60,8/22/2012,3/15/2013,205,Pixi 26wks,0.0629,0.609,18.06,30.42,24.9,0.1022,0.0191,4.53,0.37,0.4,31.15
DO.1200,M,G11,CSDO-M-60,8/17/2012,3/15/2013,210,Pixi 26wks,0.0639,0.6653,22.33,45.17,35.1,0.0869,0.0162,11.87,0.38,0.3,45.47
DO.1201,F,G12,CSDO-F-61,11/9/2012,5/24/2013,196,Pixi 26wks,0.0523,0.4621,32.68,32.2,21.7,0.0655,0.0125,21.73,0.35,0.3,31.42
DO.1202,F,G12,CSDO-F-61,11/9/2012,5/24/2013,196,Pixi 26wks,0.0522,0.5597,35.47,38.88,25.1,0.0726,0.0136,25.85,0.36,0.3,38.91
DO.1203,F,G12,CSDO-F-61,11/9/2012,5/24/2013,196,Pixi 26wks,0.0544,0.4675,17.08,25.84,21.4,0.0909,0.017,6.67,0.29,0.3,26.35
DO.1204,F,G12,CSDO-F-61,11/9/2012,5/24/2013,196,Pixi 26wks,0.0631,0.6118,24.55,34.03,25.7,0.1016,0.0193,11.74,0.34,0.3,34.31
DO.1205,F,G12,CSDO-F-61,11/9/2012,5/24/2013,196,Pixi 26wks,0.0575,0.5152,35.19,36.88,23.9,0.0617,0.013,24.6,0.4,0.3,35.92
DO.1206,F,G12,CSDO-F-62,11/9/2012,12/13/2013,399,Pixi 52wks,0.0613,0.5975,35.96,37.62,24.1,0.0778,0.0147,25.17,0.39,0.3,35.6
DO.1207,F,G12,CSDO-F-62,11/9/2012,12/13/2013,399,Pixi 52wks,0.0534,0.4965,40.01,33.95,20.4,0.0723,0.0134,28.5,0.35,0.2,33.9
DO.1208,F,G12,CSDO-F-62,11/9/2012,12/13/2013,399,Pixi 52wks,0.0533,0.4754,15.73,18.69,15.7,0.0774,0.0148,5.76,0.29,0.3,19.5
DO.1209,F,G12,CSDO-F-62,11/9/2012,12/13/2013,399,Pixi 52wks,0.0546,0.5238,38.14,39.04,24.2,0.0694,0.013,26.56,0.36,0.3,38.3
DO.1210,F,G12,CSDO-F-62,11/9/2012,12/13/2013,399,Pixi 52wks,0.0477,0.4311,29.7,25.47,17.9,0.0616,0.0117,18.67,0.36,0.3,25.6
DO.1211,F,G12,CSDO-F-63,11/9/2012,12/13/2013,399,Pixi 52wks,0.0569,0.5197,47.66,53.36,27.9,0.0891,0.017,28.56,0.41,0.3,52.3
DO.1212,F,G12,CSDO-F-63,11/9/2012,12/13/2013,399,Pixi 52wks,0.0536,0.4757,34.66,35.35,23.1,0.0665,0.0122,17.07,0.34,0.3,35.5
DO.1213,F,G12,CSDO-F-63,11/9/2012,12/13/2013,399,Pixi 52wks,0.0565,0.5491,15.24,32.32,27.4,0.0942,0.0176,10.57,0.32,0.3,33.4
DO.1214,F,G12,CSDO-F-63,11/9/2012,12/13/2013,399,Pixi 52wks,0.0546,0.5038,27.85,44.08,31.8,0.0689,0.0129,15.64,0.37,0.3,43.2
DO.1215,F,G12,CSDO-F-63,11/9/2012,12/13/2013,399,Pixi 52wks,0.0493,0.4086,31.45,30.35,20.8,0.0514,0.0099,19.82,0.38,0.3,30.2
DO.1216,F,G12,CSDO-F-64,11/9/2012,6/7/2013,210,Pixi 26wks,0.0536,0.5344,31.28,37.61,25.8,0.0994,0.0186,23.24,0.39,0.3,37.2
DO.1217,F,G12,CSDO-F-64,11/9/2012,6/7/2013,210,Pixi 26wks,0.0521,0.4616,30.64,31.42,21.8,0.0665,0.0124,23.49,0.34,0.3,31.38
DO.1218,F,G12,CSDO-F-64,11/9/2012,6/7/2013,210,Pixi 26wks,0.0482,0.4218,40.84,37.78,22.3,0.0738,0.0138,25.24,0.35,0.3,37.07
DO.1219,F,G12,CSDO-F-64,11/9/2012,6/7/2013,210,Pixi 26wks,0.0492,0.4121,27.79,29.02,21,0.0664,0.0124,14.94,0.32,0.3,29.03
DO.1220,F,G12,CSDO-F-64,11/9/2012,6/7/2013,210,Pixi 26wks,0.0507,0.418,36.33,34.34,21.9,0.072,0.0132,24.69,0.34,0.3,33.81
DO.1221,F,G12,CSDO-F-65,11/9/2012,5/31/2013,203,Pixi 26wks,0.0513,0.442,20.88,22.64,17.9,0.0749,0.014,10.42,0.3,0.3,22.7
DO.1222,F,G12,CSDO-F-65,11/9/2012,5/31/2013,203,Pixi 26wks,0.047,0.3987,34.38,31.66,20.8,0.0705,0.013,21.92,0.32,0.3,31.2
DO.1223,F,G12,CSDO-F-65,11/9/2012,5/31/2013,203,Pixi 26wks,0.0436,0.3443,15,23.91,20.3,0.0509,0.0097,3.74,0.34,0.3,23.52
DO.1224,F,G12,CSDO-F-65,11/9/2012,5/31/2013,203,Pixi 26wks,0.0519,0.4449,19.17,24.57,19.9,0.0752,0.014,8.54,0.3,0.3,25.12
DO.1225,F,G12,CSDO-F-65,11/9/2012,5/31/2013,203,Pixi 26wks,0.0461,0.4037,18.67,22.86,18.6,0.0626,0.0117,7.38,0.31,0.3,23.25
DO.1226,F,G12,CSDO-F-66,11/9/2012,5/31/2013,203,Pixi 26wks,0.0513,0.4009,25.51,27.39,20.4,0.0729,0.0135,14.74,0.32,0.3,27.58
DO.1227,F,G12,CSDO-F-66,11/9/2012,5/31/2013,203,Pixi 26wks,0.0604,0.6518,43.87,43.48,24.4,0.0887,0.0163,30.49,0.38,0.3,42.91
DO.1228,F,G12,CSDO-F-66,11/9/2012,5/31/2013,203,Pixi 26wks,0.0517,0.4407,11.31,17.28,15.3,0.0846,0.0158,5.51,0.32,0.3,17.91
DO.1229,F,G12,CSDO-F-66,11/9/2012,5/31/2013,203,Pixi 26wks,0.0496,0.4403,18.09,24.86,20.4,0.0717,0.0136,12.95,0.32,0.3,25.27
DO.1230,F,G12,CSDO-F-66,11/9/2012,5/31/2013,203,Pixi 26wks,0.0484,0.398,28.33,24.12,17.3,0.07,0.0131,18.99,0.32,0.3,24.2
DO.1236,F,G12,CSDO-F-68,11/9/2012,5/24/2013,196,Pixi 26wks,0.0559,0.5653,8.52,23.55,21.5,0.0986,0.0174,0.86,0.32,0.3,24.02
DO.1237,F,G12,CSDO-F-68,11/9/2012,5/24/2013,196,Pixi 26wks,0.0558,0.4929,28.63,31.48,22.5,0.0926,0.0173,16.6,0.34,0.3,31.3
DO.1238,F,G12,CSDO-F-68,11/9/2012,5/24/2013,196,Pixi 26wks,0.0531,0.5103,28.34,27.76,19.9,0.088,0.0164,20.17,0.3,0.2,28.13
DO.1239,F,G12,CSDO-F-68,11/9/2012,5/24/2013,196,Pixi 26wks,0.0567,0.5275,29.38,30.57,21.6,0.0799,0.0149,18.64,0.37,0.3,30.76
DO.1240,F,G12,CSDO-F-68,11/9/2012,5/24/2013,196,Pixi 26wks,0.058,0.5052,32.16,31.21,21.2,0.0988,0.0184,21.37,0.33,0.3,31.74
DO.1241,F,G12,CSDO-F-69,11/9/2012,5/17/2013,189,Pixi 26wks,0.0525,0.4377,16.24,21.43,17.9,0.0798,0.0149,6.04,0.31,0.3,21.81
DO.1242,F,G12,CSDO-F-69,11/9/2012,5/17/2013,189,Pixi 26wks,0.0481,0.4012,47.39,44.53,23.4,0.0696,0.013,31.16,0.36,0.2,43.44
DO.1243,F,G12,CSDO-F-69,11/9/2012,5/17/2013,189,Pixi 26wks,0.0578,0.5426,26.99,31.18,22.8,0.0767,0.0143,20.72,0.35,0.3,31.24
DO.1244,F,G12,CSDO-F-69,11/9/2012,5/17/2013,189,Pixi 26wks,0.0478,0.3611,21.29,18.42,14.5,0.0709,0.0134,8.94,0.3,0.3,18.64
DO.1245,F,G12,CSDO-F-69,11/9/2012,5/17/2013,189,Pixi 26wks,0.0535,0.4558,39.69,37.11,22.4,0.0726,0.0139,25.13,0.36,0.3,35.25
DO.1246,F,G12,CSDO-F-70,11/9/2012,5/17/2013,189,Pixi 26wks,0.0578,0.5676,23.81,26.27,20,0.0956,0.0179,11.53,0.31,0.3,27.05
DO.1247,F,G12,CSDO-F-70,11/9/2012,5/17/2013,189,Pixi 26wks,0.0488,0.4357,25.05,27.29,20.5,0.0648,0.0119,13.8,0.31,0.3,27.82
DO.1248,F,G12,CSDO-F-70,11/9/2012,5/17/2013,189,Pixi 26wks,0.0491,0.4216,21.63,21.81,17.1,0.0749,0.014,8.97,0.32,0.3,22.15
DO.1249,F,G12,CSDO-F-70,11/9/2012,5/17/2013,189,Pixi 26wks,0.0525,0.4802,37.96,38.54,23.9,0.0721,0.0135,27.88,0.34,0.2,38.53
DO.1250,F,G12,CSDO-F-70,11/9/2012,5/17/2013,189,Pixi 26wks,0.0503,0.464,15.36,22.39,19,0.0783,0.0146,5.68,0.29,0.3,23.01
DO.1251,F,G12,CSDO-F-71,11/9/2012,6/7/2013,210,Pixi 26wks,0.0544,0.4968,41.11,36.46,21.5,0.0945,0.0176,29.01,0.35,0.2,36.12
DO.1252,F,G12,CSDO-F-71,11/9/2012,6/7/2013,210,Pixi 26wks,0.053,0.4849,27.35,29.95,21.8,0.0791,0.0148,15.68,0.33,0.3,30.24
DO.1253,F,G12,CSDO-F-71,11/9/2012,6/7/2013,210,Pixi 26wks,0.0509,0.4466,19.81,22.93,18.4,0.0773,0.0144,10.26,0.29,0.3,23.52
DO.1254,F,G12,CSDO-F-71,11/9/2012,6/7/2013,210,Pixi 26wks,0.0492,0.3799,26.42,22.22,16.3,0.0786,0.0147,12.81,0.3,0.3,22.22
DO.1255,F,G12,CSDO-F-71,11/9/2012,6/7/2013,210,Pixi 26wks,0.053,0.4589,39.24,31.88,19.4,0.0816,0.0152,28.44,0.33,0.2,31.76
DO.1256,F,G12,CSDO-F-72,11/9/2012,12/6/2013,392,Pixi 52wks,0.0552,0.4558,31.15,29.49,20.3,0.0808,0.0153,20.81,0.38,0.3,29
DO.1257,F,G12,CSDO-F-72,11/9/2012,12/6/2013,392,Pixi 52wks,0.0533,0.5047,36.34,40.27,25.6,0.0816,0.0152,25.89,0.36,0.3,40.1
DO.1258,F,G12,CSDO-F-72,11/9/2012,12/6/2013,392,Pixi 52wks,0.0582,0.5889,44.63,42.72,23.7,0.0827,0.0152,33.64,0.37,0.2,41.1
DO.1259,F,G12,CSDO-F-72,11/9/2012,12/6/2013,392,Pixi 52wks,0.0567,0.5731,25.43,36.14,27,0.0738,0.0138,17.87,0.37,0.3,35.9
DO.1260,F,G12,CSDO-F-72,11/9/2012,12/6/2013,392,Pixi 52wks,0.0474,0.433,36.74,33.97,21.5,0.0639,0.0118,25.2,0.39,0.3,33.1
DO.1261,M,G12,CSDO-M-61A,11/9/2012,5/31/2013,203,Pixi 26wks,0.0502,0.4824,10.15,28.76,25.8,0.0698,0.013,3.21,0.35,0.3,29.06
DO.1262,M,G12,CSDO-M-61,11/9/2012,5/31/2013,203,Pixi 26wks,0.0575,0.5474,30.64,46.01,31.9,0.0709,0.0131,14.43,0.41,0.4,45.45
DO.1263,M,G12,CSDO-M-61B,11/9/2012,5/31/2013,203,Pixi 26wks,0.0549,0.5738,20.35,44.05,35.1,0.0793,0.0148,10.58,0.42,0.4,44.29
DO.1264,M,G12,CSDO-M-61C,11/9/2012,5/31/2013,203,Pixi 26wks,0.0557,0.5976,10.08,26.24,23.6,0.0908,0.017,4.86,0.31,0.3,27.66
DO.1265,M,G12,CSDO-M-61A,11/9/2012,5/31/2013,203,Pixi 26wks,0.0636,0.6235,19.74,36.53,29.3,0.1501,0.028,10.15,0.39,0.3,35.76
DO.1266,M,G12,CSDO-M-62,11/9/2012,5/17/2013,189,Pixi 26wks,0.0596,0.6594,12.04,26.98,23.7,0.0934,0.018,2.93,0.35,0.3,28.11
DO.1267,M,G12,CSDO-M-62,11/9/2012,5/17/2013,189,Pixi 26wks,0.0646,0.752,11.19,35.39,31.4,0.0934,0.0174,6.45,0.42,0.4,36.51
DO.1268,M,G12,CSDO-M-62A,11/9/2012,5/17/2013,189,Pixi 26wks,0.0542,0.5123,12.61,30,26.2,0.0905,0.0169,5.45,0.36,0.3,29.73
DO.1269,M,G12,CSDO-M-62B,11/9/2012,5/17/2013,189,Pixi 26wks,0.0599,0.6251,18.21,37.45,30.6,0.0756,0.0141,9.84,0.4,0.4,38.2
DO.1270,M,G12,CSDO-M-62C,11/9/2012,5/17/2013,189,Pixi 26wks,0.0522,0.4997,14.86,31.78,27.1,0.0764,0.0146,4.5,0.4,0.4,32.59
DO.1271,M,G12,CSDO-M-63,11/9/2012,6/7/2013,210,Pixi 26wks,0.0639,0.7521,18.74,39.98,32.5,0.1091,0.0201,10.67,0.38,0.3,40.62
DO.1272,M,G12,CSDO-M-63,11/9/2012,6/7/2013,210,Pixi 26wks,0.0595,0.6516,16.01,40.8,34.3,0.0919,0.0172,8.64,0.38,0.3,41.31
DO.1273,M,G12,CSDO-M-63B,11/9/2012,6/7/2013,210,Pixi 26wks,0.0558,0.5857,10.67,27.59,24.6,0.0871,0.0163,2.94,0.34,0.3,28.76
DO.1274,M,G12,CSDO-M-63,11/9/2012,6/7/2013,210,Pixi 26wks,0.06,0.6012,27.14,52.01,37.9,0.0836,0.0156,14.22,0.41,0.4,50.97
DO.1275,M,G12,CSDO-M-63A,11/9/2012,6/7/2013,210,Pixi 26wks,0.052,0.5607,8.49,29.1,26.6,0.079,0.0148,0.61,0.35,0.4,29.5
DO.1276,M,G12,CSDO-M-64,11/9/2012,12/13/2013,399,Pixi 52wks,0.0573,0.6007,29.44,49.72,35.1,0.0824,0.0154,23.26,0.42,0.3,49.7
DO.1277,M,G12,CSDO-M-64,11/9/2012,12/13/2013,399,Pixi 52wks,0.056,0.589,47.78,58.06,30.3,0.077,0.0144,32.32,0.42,0.3,57.1
DO.1279,M,G12,CSDO-M-64,11/9/2012,12/13/2013,399,Pixi 52wks,0.0558,0.5982,39.38,47.45,28.8,0.0703,0.0133,26.1,0.4,0.3,46.9
DO.1281,M,G12,CSDO-M-65,11/9/2012,12/13/2013,399,Pixi 52wks,0.066,0.7921,39.03,60.49,36.9,0.1069,0.02,20.53,0.46,0.4,59.5
DO.1282,M,G12,CSDO-M-65,11/9/2012,12/13/2013,399,Pixi 52wks,0.0529,0.5325,34.48,57.04,37.4,0.0756,0.0139,19.53,0.43,0.3,56.7
DO.1283,M,G12,CSDO-M-65A,11/9/2012,12/13/2013,399,Pixi 52wks,0.0515,0.5317,26.51,38.8,28.5,0.0627,0.0117,14.97,0.37,0.3,39.1
DO.1284,M,G12,CSDO-M-65,11/9/2012,12/13/2013,399,Pixi 52wks,0.0552,0.5607,28.75,38.03,27.1,0.0755,0.0141,15.42,0.35,0.3,38.8
DO.1285,M,G12,CSDO-M-65,11/9/2012,12/13/2013,399,Pixi 52wks,0.0599,0.6772,24.46,44.68,33.8,0.0903,0.0169,16.59,0.43,0.4,44.1
DO.1287,M,G12,CSDO-M-66,11/9/2012,6/7/2013,210,Pixi 26wks,0.0622,0.7531,9.57,37.03,33.5,0.0966,0.018,3.42,0.37,0.4,39.08
DO.1288,M,G12,CSDO-M-66,11/9/2012,6/7/2013,210,Pixi 26wks,0.0628,0.6747,18.91,39.66,32.2,0.1024,0.0191,11.52,0.4,0.4,40.31
DO.1289,M,G12,CSDO-M-66,11/9/2012,6/7/2013,210,Pixi 26wks,0.0599,0.597,31.54,45.79,31.3,0.0919,0.0172,16.62,0.4,0.3,45.56
DO.1290,M,G12,CSDO-M-66A,11/9/2012,6/7/2013,210,Pixi 26wks,0.0541,0.5699,15.63,30.85,26,0.0745,0.0141,8.03,0.36,0.3,31.61
DO.1291,M,G12,CSDO-M-67D,11/9/2012,12/6/2013,392,Pixi 52wks,0.0528,0.6363,18.92,38.63,31.3,0.0708,0.0132,10.61,0.39,0.4,39.4
DO.1292,M,G12,CSDO-M-67A,11/9/2012,12/6/2013,392,Pixi 52wks,0.0568,0.5808,24.8,42.41,31.9,0.1075,0.0201,12.4,0.4,0.4,41.4
DO.1293,M,G12,CSDO-M-67B,11/9/2012,12/6/2013,392,Pixi 52wks,0.0478,0.5016,22.28,36.09,28,0.0584,0.0109,10.5,0.41,0.4,35.8
DO.1294,M,G12,CSDO-M-67,11/9/2012,12/6/2013,392,Pixi 52wks,0.0496,0.5098,11.6,31.44,27.8,0.0709,0.0132,6.07,0.36,0.3,32.9
DO.1295,M,G12,CSDO-M-67C,11/9/2012,12/6/2013,392,Pixi 52wks,0.0546,0.5653,22.52,36.07,27.9,0.0671,0.0125,13.79,0.37,0.3,36.7
DO.1296,M,G12,CSDO-M-68A,11/9/2012,5/24/2013,196,Pixi 26wks,0.0502,0.4889,17.12,27.6,22.9,0.0763,0.0146,6.19,0.37,0.3,28.28
DO.1297,M,G12,CSDO-M-68,11/9/2012,5/24/2013,196,Pixi 26wks,0.0599,0.6719,26.86,38.13,27.9,0.095,0.018,16.03,0.38,0.3,38.89
DO.1298,M,G12,CSDO-M-68,11/9/2012,5/24/2013,196,Pixi 26wks,0.0584,0.5491,26.81,42.33,31,0.0772,0.0144,12.48,0.39,0.3,42.32
DO.1299,M,G12,CSDO-M-68B,11/9/2012,5/24/2013,196,Pixi 26wks,0.0488,0.478,27.25,34.53,25.1,0.0641,0.012,12.72,0.35,0.3,34.65
DO.1300,M,G12,CSDO-M-68,11/9/2012,5/24/2013,196,Pixi 26wks,0.065,0.7101,24.47,45.79,34.6,0.0921,0.0172,15.13,0.4,0.3,46.15
DO.1301,M,G12,CSDO-M-69B,11/9/2012,5/17/2013,189,Pixi 26wks,0.0495,0.4642,16.69,31.36,26.1,0.0594,0.011,5.01,0.38,0.4,31.52
DO.1302,M,G12,CSDO-M-69D,11/9/2012,5/17/2013,189,Pixi 26wks,0.0571,0.5365,14.44,31.65,27.1,0.0794,0.0148,4.54,0.37,0.4,32.15
DO.1303,M,G12,CSDO-M-69,11/9/2012,5/17/2013,189,Pixi 26wks,0.0548,0.5875,9.89,27.88,25.1,0.0963,0.018,4.1,0.33,0.3,28.97
DO.1304,M,G12,CSDO-M-69A,11/9/2012,5/17/2013,189,Pixi 26wks,0.0521,0.4734,27.18,34.29,25,0.0666,0.0124,13.27,0.38,0.3,34.31
DO.1305,M,G12,CSDO-M-69C,11/9/2012,5/17/2013,189,Pixi 26wks,0.0552,0.502,21.22,34.74,27.4,0.0771,0.0144,11.91,0.36,0.3,35.14
DO.1306,M,G12,CSDO-M-70,11/9/2012,5/24/2013,196,Pixi 26wks,0.0572,0.641,17.88,38.21,31.4,0.085,0.0161,10.27,0.37,0.3,38.43
DO.1307,M,G12,CSDO-M-70,11/9/2012,5/24/2013,196,Pixi 26wks,0.0602,0.5682,32.17,43.95,29.8,0.1022,0.0191,18.52,0.39,0.3,43.67
DO.1308,M,G12,CSDO-M-70,11/9/2012,5/24/2013,196,Pixi 26wks,0.0638,0.6871,18.93,40.68,33,0.1018,0.019,10.83,0.38,0.3,41.04
DO.1309,M,G12,CSDO-M-70,11/9/2012,5/24/2013,196,Pixi 26wks,0.0597,0.5677,25.42,38.56,28.8,0.085,0.02,12.7,0.5,0.4,38.67
DO.1310,M,G12,CSDO-M-70,11/9/2012,5/24/2013,196,Pixi 26wks,0.0614,0.6018,27.87,49.18,35.5,0.0944,0.022,11.3,0.5,0.5,47.71
DO.1311,M,G12,CSDO-M-71A,11/9/2012,12/6/2013,392,Pixi 52wks,0.054,0.5784,34.75,39.97,26.1,0.0868,0.0162,23.48,0.38,0.3,40.5
DO.1312,M,G12,CSDO-M-71C,11/9/2012,12/6/2013,392,Pixi 52wks,0.0581,0.6753,8.56,30.73,28.1,0.0821,0.0156,1.37,0.39,0.4,33.1
DO.1313,M,G12,CSDO-M-71D,11/9/2012,12/6/2013,392,Pixi 52wks,0.0577,0.6416,11.28,26.64,23.6,0.113,0.0216,3.31,0.3,0.3,28.1
DO.1314,M,G12,CSDO-M-71,11/9/2012,12/6/2013,392,Pixi 52wks,0.0615,0.7413,24.39,44.44,33.6,0.1011,0.0189,14.28,0.39,0.3,44.7
DO.1315,M,G12,CSDO-M-71B,11/9/2012,12/6/2013,392,Pixi 52wks,0.0577,0.6402,25.88,40.35,29.9,0.0847,0.0158,15.02,0.39,0.3,40.6
DO.1316,M,G12,CSDO-M-72B,11/9/2012,5/31/2013,203,Pixi 26wks,0.0591,0.6116,12.2,31.63,27.8,0.0846,0.0149,5.49,0.36,0.3,32.24
DO.1317,M,G12,CSDO-M-72,11/9/2012,5/31/2013,203,Pixi 26wks,0.0617,0.6144,17.55,36.1,29.8,0.102,0.0195,6.96,0.38,0.4,35.9
DO.1318,M,G12,CSDO-M-72A,11/9/2012,5/31/2013,203,Pixi 26wks,0.0589,0.6659,20.67,34.58,27.4,0.0846,0.0158,13.47,0.34,0.3,35.37
DO.1319,M,G12,CSDO-M-72,11/9/2012,5/31/2013,203,Pixi 26wks,0.0632,0.6822,15.48,37.76,31.9,0.0917,0.0171,6.7,0.4,0.4,38.54
DO.1320,M,G12,CSDO-M-72C,11/9/2012,5/31/2013,203,Pixi 26wks,0.0545,0.5989,18.36,36.29,29.6,0.074,0.0142,7.32,0.39,0.4,36.45
